No,単語,意味
1,agree,[自] ①賛成する ②（主語の中で）意見が一致する ③（with ～）（気候，食べ物が）（～に）合う
2,oppose,[他] ～に反対する
3,advise,[他] ～に忠告する
4,tip,[名] ①助言，ヒント ②チップ ③（足や山などの）先，先端（いずれも〈可算〉）
5,discuss,[他] ①～について話し合う，議論する ②～を話題に出す
6,blame,[他] ～に責任があるとする
7,argue,[他] ①（that SV）～と主張する [自] ②（with ～）（～と）言い争う
8,claim,[他] ①（that SV）～と主張する ②～を要求する，主張する [名] ③主張，要求
9,complain,[自] ①文句を言う，苦情を言う ②（of ～）（病気などを）訴える
10,offer,[他] ①～を申し出る [名] ②申し出 ③値引き
11,suggest,[他] ①～を示唆する ②～を提案する
12,recommend,[他] ～を推薦する，勧める
13,grateful,[形] 感謝している
14,apologize,[自] （to ～）（～に）謝る
15,excuse,[名] ①言い訳 [他] ②～を許す ③（A from B）（B からA）を免除する
16,celebrate,[他] ①（特別な日、出来事）を祝う ②（儀式など）を挙行する，執り行う
17,congratulate,[他] （人）を祝う，～にお祝いを述べる
18,admire,[他] ～を称賛する，～に感心する
19,impress,[他] ～に感銘を与える，～を感心させる
20,award,[名] ①賞 [他] ②～を授与する
21,explain,[他] ～を説明する
22,describe,[他] ～を説明する
23,communicate,[自] ①（with ～）（～と）意思の疎通をはかる [他] ②～を伝える
24,express,[他] ①（意見，気持ち）を表現する [名] ②急行（列車，バス）
25,promise,[名] ①約束 [他] ②～を約束する
26,information,[名] 情報〈不可算〉
27,technology,[名] （科学）技術
28,research,[名] ①（学術）研究 [他] ②～を研究する
29,material,[名] ①材料，生地 ②資料，教材 [形] ③物質的な ④重大な
30,artificial,[形] 人工的な
31,electric,[形] 電気の，電動の
32,invent,[他] ①～を発明する ②（話など）をでっち上げる
33,discover,[他] ①～を発見する ②（that SV）～を知る，～に気がつく ③（知るという意味で）～に出会う
34,develop,[自] ①発達する [他] ②～を発達させる ③～を開発する ④（話，考え）を発展させる ⑤（病気）にかかる
35,skill,[名] 技術，力
36,ability,[名] 能力
37,talent,[名] 才能
38,effort,[名] 努力
39,practice,[名] ①練習 ②実践 ③慣習 [他] ④～を練習する ⑤～を実践する
40,achieve,[他] ～を達成する
41,manage,[他] ①（to do）何とかして～する ②～を経営する，管理する
42,improve,[他] ①～を改善する，磨く [自] ②よくなる
43,produce,[他] ①～を生産する，産出する ②（見せるために）～を取り出す [名] ③農作物〈不可算〉
44,create,[他] ①～を創造する ②～を引き起こす
45,establish,[他] ①～を確立する，定着させる ②～を設立する
46,form,[他] ①～を形成する [名] ②形態 ③書式
47,save,[他] ①（時間，手間）を省く ②～を貯金する ③（命など）を救う [前] ④～を除いて（＝except）
48,medicine,[名] ①（for ～）（～の）薬 ②医学（＝medical science）
49,patient,[名] ①患者 [形] ②忍耐強い
50,condition,[名] ①状態，容態 ②（通例 ―s）（周囲の）状況，条件
51,medical,[形] ①医療の ②医学の
52,stress,[名] ①ストレス ②（on ～）（～に対する）強調 [他] ③～を強調する
53,suffer,[自] ①（from ～）（病気などで）苦しむ [他] ②（苦痛，損害）を経験する
54,exercise,[名] ①運動 ②（―s）練習 [自] ③運動する [他] ④～を行使する
55,breathe,[自] 呼吸する，息をする
56,thirsty,[形] ①のどが渇いた ②（for ～）（～を）切望して
57,physical,[形] ①身体的な ②物理的な
58,fever,[名] ①（体温の）熱 ②熱狂
59,strength,[名] ①（physical ―）体力 ②力
60,tear,[名] ①（通例 ―s）涙〈可算〉 [他] ②（up）～を引き裂く
61,taste,[自] ①～の味がする [他] ②～の味をみる [名] ③味 ④好み
62,rule,[名] ①規則 [他] ②～を支配する
63,role,[名] 役割
64,habit,[名] 習慣，癖
65,custom,[名] ①習慣 ②（―s）税関、関税
66,tradition,[名] 伝統
67,society,[名] ①社会〈不可算〉 ②（ある具体的な）社会〈可算〉 ③（one's ―）～と同席すること ④協会
68,law,[名] ①（the ―）（集合的に）法律，国法 ②（個々の）法律 ③（科学などの）法則
69,ancestor,[名] 祖先
70,population,[名] ①人口，個体数 ②（一定の地域に住む）住民
71,native,[形] ①母国の，その土地の [名] ②（ある土地の）生まれの人
72,abroad,[副] 海外へ，海外で
73,local,[形] ①その土地の，地元の ②地方の [名] ③地元の人
74,survey,[名] ①調査〈可算〉 [他] ②～を調査する
75,value,[名] ①価値 ②（―s）価値観 ③お買い得品〈不可算〉 [他] ④～を重んじる
76,treasure,[名] ①財宝，宝 ②大事な物［人］ [他] ③（思い出など）を大事にする
77,fashion,[名] ①流行 ②流儀，やり方 [他] ③（手などで）～を作る
78,public,[名] ①（the ―）大衆 [形] ②公共の，公の
79,evidence,[名] 証拠〈不可算〉
80,vote,[名] ①投票（数)[自] ②投票する
81,government,[名] 政府
82,nation,[名] ①国家 ②（the ―)国民
83,capital,[名] ①首都 ②資本 [形] ③重大な，死に値する
84,state,[名] ①州 ②状態 ③国家 [他] ④（意見，情報）を述べる
85,political,[形] 政治的な，政治の
86,price,[名] ①価格 ②（―s）物価 ③代償
87,sum,[名] ①（修飾語を伴って）金額 ②合計 ③（簡単な）計算 [他] ④（up）～を要約する
88,budget,[名] ①予算 [形] ②安い
89,fee,[名] ①（会費，遊園地などの）料金 ②（専門職への）謝礼
90,fare,[名] 運賃
91,bill,[名] ①勘定 ②請求書 ③〈米〉紙幣 ④法案
92,trade,[名] ①貿易 ②（the ～ trade）～業 ③商売 [他] ④～を交換する
93,wealth,[名] ①富，財産〈不可算〉 ②（a ― of ～）豊富な～
94,economy,[名] ①経済 ②節約
95,cost,[他] ①（費用）を要する，～がかかる ②～を犠牲にする [名] ③費用，犠牲
96,company,[名] ①会社 ②（one's ―）一緒にいること ③仲間 ④来客
97,task,[名] 仕事〈可算〉
98,earn,[他] ①（金）を稼ぐ，もうける ②（評判など）を得る
99,hurt,[自] ①（身体の部位が）痛む [他] ②（身体，感情）を傷つける
100,injure,[他] ①～を痛める ②～をけがさせる
101,damage,[他] ①～に損害を与える [名] ②損害，被害〈不可算〉 ③（―s）賠償金
102,destroy,[他] ①～を（完全に）破壊する ②～を殺す，全滅させる
103,ruin,[他] ①～を台無しにする ②～を破滅させる [名] ③（―s）廃墟，荒廃
104,danger,[名] 危険
105,neighbor,[名] ①近所の人 ②（a next-door ―）隣の人
106,audience,[名] 聴衆，観客
107,crowd,[名] 群衆
108,author,[名] ①著者 ②（主に文学作品の）作家
109,staff,[名] （集合的に）職員，従業員
110,clerk,[名] ①〈米〉店員 ②事務員，社員
111,customer,[名] 客
112,passenger,[名] 乗客
113,elderly,[形] ①年配の ②（the ―）（総称的に）年配の人々
114,female,[形] ①女性の ②（動物）雌の [名] ③女性，雌
115,head,[自] ①向かう [他] ②～を率いる
116,follow,[他] ①～の後について行く，～に続く ②（忠告，方針など）に従う
117,wander,[自] 歩き回る，さまよう
118,travel,[自] ①旅行する，移動する ②（光，音などが）進む
119,pass,[他] ①～を通り過ぎる ②～を抜く ③（試験）に受かる ④（（人）A）（人）に（A を）渡す [自] ⑤（時が）過ぎる [名] ⑥通行証
120,likely,[形] ①（to do）～しそうだ，可能性が高い [副] ②おそらく
121,natural,[形] ①当然の ②自然の ③生まれながらの
122,certain,[形] ①確かな ②（名詞の前で）ある～
123,probably,[副] おそらく
124,face,[他] ①～に直面する ②〈方向〉～向きである [名] ③顔，体面、文字盤
125,avoid,[他] ～を避ける
126,solve,[他] ～を解決する
127,trouble,[名] ①問題，ごたごた（通例〈不可算〉)[他] ②～を困らせる
128,issue,[名] ①問題 ②（雑誌の）号 [他] ③（切手など）を発行する
129,cheer,[他] ①（on）～に声援を送る ②（up）～を励ます [名] ③声援，励まし ④（―s）乾杯
130,encourage,[他] ①（A to do）（A）に（～するよう）促す，奨励する ②～を励ます
131,support,[他] ①～を支持する ②（家族など）を養う ③（理論など）を立証する [名] ④支持，支援<不可算>
132,prevent,[他] ①（A from B）（AがBするの）を妨げる ②～を予防する
133,deny,[他] ①～を否定する ②〈SVO1O2〉（O1）に（O2を）与えない
134,enable,[他] （A to do）（A）に［が］（～することを）可能にする
135,succeed,[自] ①（in ～）（～に）成功する ②（to ～）（家業などを）継ぐ
136,miss,[他] ①～を逃す ②～を休む ③～を恋しく思う
137,fail,[自] ①（in［at］～）（～に）失敗する ②（to do）～できない [他] ③（試験）に落ちる ④（人）に役に立たない
138,mistake,[名] ①間違い [他] ②（A for B）（A）を（B と）間違える
139,check,[他] ①～を調べる ②～を阻止する [名] ③小切手 ④勘定書 ⑤検査，点検 ⑥抑制
140,hide,[他] ①～を隠す [自] ②隠れる
141,draw,[他] ①（線で絵など）を描く ②（注意）を引く ③～を引っ張る，集める
142,join,[他] ①（クラブ，団体など）に加わる ②～をつなぐ ③（食事などを）～とともにする [自] ④（議論，活動などに）参加する
143,throw,[他] ①～を投げる ②（away［out］）～を捨てる ③（パーティなど）を催す [名] ④投げること
144,operate,[他] ①（機械など）を操作する [自] ②手術する ③（機械などが）作動する，（組織が）運営される
145,repair,[他] ①～を修理する ②～を修復する [名] ③修理，修復
146,sew,[他] ①～を縫う ②（on）（ボタンなど）を縫いつける
147,raise,[他] ①～を上げる ②（子ども，作物）を育てる ③（お金，資金）を集める ④（問題）を提起する [名]⑤賃上げ，昇給
148,serve,[他] ①（飲食物）を出す ②～に役立つ [自] ③役立つ
149,pour,[他] ①～を注ぐ [自] ②降りそそぐ
150,spill,[他] ①～をこぼす [名] ②（石油などの）流出
151,pretend,[自] （to do / that SV）（～する/ ～である）ふりをする
152,behave,[自] ふるまう
153,bear,[他] ①（can ―）～に耐える ②～を持つ、運ぶ ③～を産む
154,explore,[他] ①～を探検する，（街など）を探索する ②（問題など）を探る
155,happen,[自] ①（to ～）（～に）起こる ②（to do）偶然～する
156,appear,[自] ①現れる ②（to be ～）～のように思える
157,remain,[自] ①～のままでいる ②残る
158,survive,[自] ①生き残る [他] ②～から生き延びる，～の後も存続する
159,belong,[自] （to ～）（～に）所属している
160,represent,[他] ①～を代表する ②（記号などが）を表す ③～を表現する
161,base,[他] ①～の基礎を置く [名] ②基礎（の部分），基盤 ③基地
162,include,[他] ～を含む
163,contain,[他] ①～を含む ②（主に否定で）～を抑える
164,own,[形] （所有格の後で）①自分自身の ②（名詞的に）自分自身のもの [他] ③～を所有している
165,share,[他] ①～を共有する ②（考えなど）を（人に）伝える [名] ③共有 ④分け前
166,collect,[他] ①（同種の物）を集める ②～を徴収する，回収する
167,gather,[他] ①～を集める [自] ②集まる
168,history,[名] ①歴史 ②履歴，前歴，病歴
169,subject,[名] ①科目 ②話題 ③被験者 [形] ④（be ― to ～）～を受けやすい
170,education,[名] 教育
171,knowledge,[名] 知識，知っていること
172,uniform,[名] ①制服 [形] ②同一の，一定の
173,grade,[名] ①（小，中，高の）学年 ②等級 ③成績
174,senior,[名] ①（高校，大学の）最上級生 [形] ②高齢者の ③（地位が）上位の
175,graduate,[自] （from ～）（～を）卒業する
176,decide,[他] ①（to do）（～すること）を決定する，決心する [自] ②（on ～）（～を）決める
177,judge,[他] ①～を判断する [名] ②裁判官，審判（員）
178,quit,[他] ～を（完全に）やめる
179,retire,[自] （from ～）（～を）引退する，退職する
180,review,[名] ①再検討 ②（新聞などの）批評 ③復習
181,choose,[他] ①～を選ぶ [自] ②選ぶ
182,imagine,[他] ～を想像する
183,guess,[他] ①～を推測する [名] ②推測
184,expect,[他] ①～を予期する ②（A of［from］ B）（B にA）を期待する ③（be ―ing）（～を）身ごもっている（※③は[自]も可）
185,predict,[他] ～を予測する
186,remember,[他] ①（doing）（過去にしたこと）を覚えている ②（to do）（～すること）を覚えている ③（me to ～）（～に）よろしく伝える
187,remind,[他] ①（A of B）（A）に（B のことを）思い出させる ②（（人）to do）（人）に～するように念を押す
188,realize,[他] ①～を（はっきり）理解する ②（夢，計画など）を実現する
189,appreciate,[他] ①～を（正しく）理解する ②～のよさがわかる ③～に感謝する
190,accept,[他] ～を受け入れる
191,consider,[他] ①～をよく考える，考慮する ②（人の気持ち）を思いやる ③（A （to be［as］)B)（A）を（B と）みなす
192,mind,[自] ①気にする [名] ②精神，頭脳 ③（才能，知性のある）人
193,wonder,[他] ①（wh―節 / if SV）～かなと思う [自] ②（at ～）（～に）驚く
194,seem,[自] ～のように思われる
195,compare,"[他] ①（A with［to, and］ B）（A）を（B と）比較する ②（A to B）（A）を（B に）例える [自] ③（with［to］～）（～に）匹敵する"
196,concentrate,[自] ①（on ～）（～に）集中する [他] ②（A on B）（A）を（B に）集中させる
197,focus,[自] ①（on ～）（～に）焦点を当てる，力を注ぐ [名] ②焦点
198,allow,[他] ①（人が）～を許可する ②（物が）～を可能にする
199,admit,[他] ①～を認める ②～の入場［入学］を許可する
200,ground,[名] ①地面 ②根拠
201,pollution,[名] 汚染，公害〈不可算〉
202,sight,[名] ①光景 ②視力
203,view,[名] ①眺め，景色〈可算〉 ②見解，見方 [他] ③（A as B）（A）を（B と）みなす
204,landscape,[名] ①風景 ②（the ―）（政治，社会の）情勢
205,nature,[名] ①（無冠詞）自然 ②（しばしばthe ― of ～)（～の）性質
206,seed,[名] ①種 ②シード選手
207,plant,[名] ①植物 ②（大規模な）工場、発電所 [他] ③～を植える
208,bloom,[自] ①（花が）咲く [名] ②開花
209,harvest,[名] ①収穫 [他] ②～を収穫する ③（臓器，体液など）を摘出する
210,insect,[名] 昆虫
211,earthquake,[名] 地震
212,temperature,[名] ①温度，気温 ②体温
213,degree,[名] ①（温度などの）度 ②程度 ③学位
214,flood,[名] ①洪水 <可算>[他] ②～を水浸しにする
215,freeze,[自] ①凍る，凍りつく [他] ②～を凍らせる
216,reflect,[他] ①～を反射する ②～を反映する [自] ③（on ～）（～を）熟考する
217,polite,[形] （人，言動が）礼儀正しい
218,rude,[形] （言葉、行為が）無礼な，不作法な
219,lonely,[形] 孤独な
220,lazy,[形] ①（やる気がなく）怠惰な，いい加減な ②（名詞の前で）くつろいだ
221,strict,[形] 厳しい
222,ugly,[形] 醜い
223,intelligent,[形] 知的な，賢い
224,silly,[形] ばかな
225,nervous,[形] ①あがって，落ち着かない ②神経質な，臆病な ③（身体の）神経の
226,awake,[形] 目を覚まして
227,alone,[副] ①1人で [形] ②（名詞＋alone）～だけ
228,attitude,[名] 態度，姿勢
229,character,[名] ①性格，特徴 ②登場人物 ③文字
230,characteristic,[名] ①特徴〈可算〉 [形] ②特有の，特徴的な
231,feature,[名] ①特徴 ②特集記事 [他] ③～を特集する
232,detail,[名] ①詳細 ②（建物などの）細部
233,advantage,[名] （over ～）（～に対する）利点
234,fault,[名] ①（ちょっとした）欠点，不具合〈可算〉 ②（one's ―）責任〈不可算〉 ③断層
235,quality,[名] ①質〈不可算〉 ②（通例―s）（人間の）資質
236,correct,[形] ①正確な，正しい [他] ②～を訂正する，矯正する
237,ideal,[形] ①理想的な，申し分のない [名] ②理想，理想的な姿
238,fair,[形] ①公正な，公平な [名] ②品評会，見本市
239,appropriate,[形] 適切な
240,famous,[形] ①（for one's ～）（～で）有名な ②（as ～）（～として）有名な
241,elementary,[形] 初歩的な，基本の
242,major,[形] ①主要な [自] ②（in ～）（～を）専攻する [名] ③専攻
243,matter,[自] ①重要である [名] ②（修飾語を伴い）物質 <不可算>③（―s）事態，状況
244,bright,[形] ①明るい ②（主に子どもや若者が）賢い
245,brilliant,[形] ①輝いている ②すばらしい
246,lively,[形] 生き生きとした
247,comfortable,[形] ①（物が）快適な ②（人が）心地よい
248,pleasant,[形] （人にとって）楽しい，心地よい
249,convenient,[形] ①都合がよい ②近くて便利がよい
250,false,[形] ①誤った ②偽の
251,terrible,[形] ①ひどい ②苦手で
252,awful,[形] ひどい，不快な
253,thin,[形] ①薄い ②（病的に）やせた ③（毛が）薄い
254,tight,[形] ①引き締まった，きつい ②厳しい
255,loose,[形] ①ゆるい ②解き放たれた
256,raw,[形] 生の，加工されていない
257,empty,[形] ①空の，中身のない [他] ②～を空にする
258,smooth,[形] ①滑らかな ②順調な [他] ③（服のしわ）をのばす，（髪）をなでつける
259,direct,[形] ①直接的な [他] ②～を指揮［監督，演出］する ③（注意など）を向ける ④～に道を教える
260,familiar,[形] ①知られた ②（人が）（よく）知っている
261,similar,[形] （to ～）（～に）似た
262,differ,[自] 異なる
263,vary,[自] さまざまだ，変わる
264,specific,[形] ①特定の ②明確な，具体的な
265,common,[形] ①普及した，普通の ②（主に名詞の前で）共通の
266,unusual,[形] 珍しい
267,add,[他] ①～を加える [自] ②（to ～）（～を）増やす
268,increase,[自] ①増える [他] ②～を増やす [名] ③（in ～）（～の）増加
269,reduce,[他] ①～を減らす ②（A to B)A をB にする
270,divide,[他] ①～を分割する ②（by ～）（～によって）（数字）を割る
271,count,[他] ①～を数える [自]②数える ③重要である ④（on ～）（～を）（全面的に）当てにする
272,weigh,[自] ①～の重さがある [他] ②～の重さを量る ③～を（比較）検討する
273,quarter,[名] ①④分の①，15分，25セント ②（都市のある特定な）地域
274,lot,[名] ①（a ― of ～）多くの～ ②（副詞的に）（a ―）とても ③（one's）（～の）状況，運命 ④（何らかの目的を持つ）土地
275,pile,[名] ①積み重ね，山 ②多量 [他] ③～を積み重ねる
276,rate,[名] ①割合，速さ ②（ホテルなどの一定の）料金 [他] ③～を評価する
277,figure,[名] ①数字 ②人物 ③スタイル，体つき ④図 [自] ⑤目立つ
278,lack,[名] ①（（a）― of ～）（～の）不足 [他] ②～を欠いている
279,extra,[形] ①余分な，追加の，臨時の [名] ②余分な［追加された］もの
280,ready,[形] ①用意ができている ②（be ～ to do）進んで～する
281,prepare,[他] ①～の準備をする，用意をする [自] ②準備をする，用意をする [形] ③（be ―d to do）（～する）準備ができている
282,adjust,[自] ①（to ～）（～に）慣れる [他] ②～を調整する
283,apply,[自] ①（to ～）（～に）当てはまる ②（for ～）（～に）申し込む [他] ③～を当てはめる，応用する ④（薬，口紅など）を塗る
284,suit,[他] ①（人）に適している，好都合だ ②（服装，色が人）に似合う [名] ③訴訟（＝lawsuit)④スーツ
285,case,[名] ①場合 ②（the ―）事実 ③（犯罪）事件 ④症例 ⑤（make a ―）主張（する）
286,scene,[名] ①（劇，小説などの）場面 ②（事故）現場 ③（the ～ scene）～（業）界
287,chance,[名] ①（to do）（～する）機会 ②（of ～ / that SV）（～の/ ～する）可能性
288,opportunity,[名] （よい）機会，好機
289,experience,[名] ①経験 ②（個々の）体験 [他] ③～を経験する
290,time,[名] ①（漠然とした）時間 ②（ある長さの）時間 ③回数 ④倍 ⑤（―s）情勢，時代 ⑥（接続詞的に（the)next ―）次に～するとき
291,spring,[名] ①春 ②泉，温泉 [自] ③飛び出る，突然出現する
292,minute,[名] ①（時間の）分 ②（a ―）ちょっとの間 ③（―s）議事録 [形] ④とても小さい，細かい [接] ⑤（the ―）～するとすぐに
293,age,[名] ①年齢 ②時代 ③（―s）長い間 [自] ④高齢化する
294,generation,[名] ①世代 ②生み出すこと ③発電
295,anniversary,[名] 記念日
296,recently,[副] 最近，近ごろ
297,used,[助] ①（to ～）以前は～だった，よく～したものだ [形] ②（be ― to doing）（～することに）慣れている ③中古の
298,early,[副] ①（時間，時期が）早く，初期に ②（予定より）早く [形] ③早い，初期の
299,first,[形] ①第①の ②（for the ― time）初めて [副] ③初めて ④（文頭で）まず第①に（＝firstly)[名]⑤（at ―）最初のうちは
300,latest,[形] （the ―）最新の
301,modern,[形] ①現代の ②近代的な
302,ancient,[形] ①古代の ②古びた
303,spend,[他] ①（時間）を費やす ②（お金）を使う
304,delay,[他] ①～を遅らせる [名] ②遅延，延期
305,borrow,[他] ～を借りる
306,lend,[他] ①（無償で）～を貸す ②（銀行が利子をつけて）を貸す
307,rent,[他] ①～を借りる ②（A to B）（A）を（B に）賃貸しする [名] ③家賃，賃貸料，使用料
308,provide,[他] （A with B）（AにB）を供給する，与える
309,board,[名] ①（細長い）板 ②（幹部などによる）委員会 [他] ③～に乗る
310,garbage,[名] ごみ〈不可算〉
311,item,[名] ①品物 ②（集合名詞を数えるときに用いる）...点、個 ③（リストなどの）項目
312,wheel,[名] ①車輪 ②（the ―）ハンドル [他] ③（車輪のついたもの）を動かす
313,note,[名] ①メモ ②〈英〉紙幣 [他] ③（that SV）（～ということ）を指摘する ④～に注意を払う
314,present,[名] ①プレゼント ②現在 [形] ③現在の ④出席して，存在して [他] ⑤～を贈る，提示する
315,bargain,[名] ①買い得品<可算> [自] （商談などで）交渉する
316,stuff,[名] ①（漠然とした）もの [他] ②～を詰める
317,string,[名] ①ひも ②（a ― of ～）一連の～ ③（ギターなどの）弦
318,leisure,[名] ①余暇 ②（形容詞的に）余暇の
319,diet,[名] ①食事 ②規定食 ③（D―)（日本の）国会
320,furniture,[名] 家具〈不可算〉
321,refrigerator,[名] 冷蔵庫
322,traffic,[名] 交通（量）〈不可算〉
323,sell,[他] ①～を売る [自] ②売れる
324,pay,[他] ①（A for B)（B の代金としてA）を支払う [自] ②（for A)（A の代金を）支払う ③（仕事などが）割に合う [名] ④給料
325,wear,[他] ①～を身につけている ②～をすり減らす [自] ③すり減る
326,clothes,[名] 服〈複数扱い〉
327,marry,[他] ①～と結婚する [形] ②（―ied）結婚している
328,greet,[他] ～に挨拶する，出迎える
329,order,[他] ①～を注文する ②（医者や上官などが）～に命令する [名] ③注文 ④命令 ⑤順序 ⑥秩序
330,room,[名] ①部屋 ②余地，空間〈不可算〉
331,story,[名] 階
332,site,[名] ①用地 ②現場，場所 ③（史跡などの）跡
333,yard,[名] ①（主に〈米〉）庭 ②ヤード（＝約0.9 m）
334,bottom,[名] ①底 ②一番下，最下位 ③尻
335,line,[名] ①列 ②行，線 ③電話回線 ④セリフ [自] ⑤（―up）並ぶ
336,row,[名] ①列 [他] ②（ボート）をこぐ
337,background,[名] ①背景 ②経歴，生い立ち
338,direction,[名] ①方向，方角 ②（―s）道順 ③指示
339,culture,[名] ①文化 ②培養，養殖 ③教養 [他] ④～を耕す，栽培［養殖］する
340,art,[名] ①芸術 ②（何かを行う）技術 ③（liberal ―s）一般教養
341,cartoon,[名] 漫画
342,novel,[名] ①小説 [形] ②斬新な
343,instrument,[名] ①楽器 ②器具
344,tune,[名] ①曲 [自] ②（番組に）チャンネルを合わせる [他] ③～の調子を合わせる
345,sentence,[名] ①（ ①つ①つの）文 ②判決 [他] ③（A to B）（A）を（B）の刑にする
346,article,[名] ①記事 ②品物 ③冠詞 ④条項
347,passage,[名] ①（文章などの）一節 ②（時の）経過，移動
348,vocabulary,[名] 語彙
349,rumor,[名] うわさ
350,spell,[他] ①～をつづる [名] ②呪文 ③（天気などのある一続きの）期間
351,pronounce,[他] ①（単語など）を発音する ②（判決など）を宣告する，～と断言する
352,sign,[名] ①兆候，印 ②標識，看板，掲示 [他] ③～を署名する
353,mean,[他] ①～を意味する ②（to do）～するつもりだ [形] ③意地悪な
354,publish,[他] ①～を出版する ②（公式に結果など）を発表する
355,display,[他] ①～を展示する ②（実力など）を発揮する ③～を誇示する [名] ④展示，表現，誇示
356,trust,[他] ①～を信頼する [名] ②信頼，信用
357,depend,[自] ①（物，事が主語）（on ～）（～）次第である ②（人が主語）（on ～）（～に）頼っている
358,rely,[自] （on ～）（～に）頼る
359,pray,[自] 祈る
360,beg,[他] ①～を嘆願する [自] ②求める
361,prefer,[他] （A to B)（B よりA）を好む
362,weep,[自] しくしく泣く
363,hate,[他] ～を嫌う
364,worry,[自] ①心配をする [名] ②心配（事）
365,anxious,[形] ①（about ～）（～を）心配して ②（to do / for ～）（～を）切望して
366,satisfy,[他] ①～を満足させる ②（必要性，空腹など）を満たす
367,annoy,[他] ～を苛立たせる
368,bother,[他] ①～に面倒をかける ②（to do）わざわざ～する [名] ③面倒なもの
369,disturb,[他] ①（うるさくして）～に迷惑をかける ②（平和など）を乱す
370,frighten,[他] ～を怯えさせる
371,regret,[他] ①～を後悔する ②（to do）残念ながら～しないといけない [名] ③後悔
372,favor,[名] ①親切な行為 ②支持
373,interest,[名] ①関心 ②（―s）利益 ③（銀行などの）利子
374,pity,[名] ①残念なこと〈可算〉 ②哀れみ〈不可算〉
375,due,[形] ①（due to （名詞））（名詞）が原因で ②締め切りの ③到着［出産］予定の
376,reason,[名] ①理由 ②理性 [他] ③～を推理する [自] ④思考する，判断する
377,result,[名] ①結果 [自] ②（in ～）結果として（～に）なる ③（from ～）（～の）結果として生じる
378,effect,[名] 効果，影響，結果
379,influence,[名] ①影響（力)[他] ②～に影響を与える
380,end,[自]（end up doing）結局～することになる [名] ②端、終わり ③（最終的な）目的
381,cause,[他] ①～を引き起こす [名] ②原因
382,affect,[他] （直接的に）～に影響を与える，作用する
383,way,[名] ①方法 ②（in ～ way）（～の）点（で)③道 [副] ④はるかに
384,manner,[名] ①方法 ②流儀，態度 ③（―s）マナー
385,purpose,[名] 目的
386,sake,[名] ①（for ～）ため ②日本酒
387,right,[副] ①（場所や時の副詞（句）を修飾して）ちょうど [形] ②正しい，適切な ③右の [名] ④（to ～）（～の）権利
388,complete,[形] ①完全な [他] ②～を完成させる
389,hardly,[副] ①（程度）ほとんど～ない ②（― ever）めったに～ない
390,almost,[副] ほとんど
391,partly,[副] ある程度，部分的に
392,indeed,[副] ①（強調として）実際に，本当に ②（but を伴って）確かに～
393,even,[副] ①さえも ②（比較級の前で）さらに [形] ③偶数の ④均一の ⑤（数字が）ちょうどの
394,exactly,[副] ①正確に ②〈会話で〉そのとおり
395,gradually,[副] 徐々に
396,therefore,[副] それゆえに
397,instead,[副] ①代わりに ②（of ～）（～の）代わりに
398,until,[前] ①～まで（ずっと)[接] ②～まで（ずっと）
399,besides,[前] ①～に加えて [副] ②おまけに
400,except,[前] ①～を除いて ②（for ～）（～を）除いて
401,debate,[名] ①討論 [他] ②～を討論する
402,criticize,[他] ～を批判する
403,accuse,[他] ①～を非難する ②～を告訴する
404,insist,[自] ①（on ～）（～と）言い張る，（強く）主張する [他] ②～と主張する、を求める
405,object,[自] ①（to ～）（～に）反対する [名] ②物 ③目的 ④（嘲笑，欲望などの）対象
406,protest,[自] ①（against ～）（～に対して）抗議する [名] ②抗議
407,controversial,[形] 論争を招く，物議をかもす
408,bound,[形] ①（to do）きっと～（する，～する［である］に違いない)②（for ～）～行きで
409,bet,[他] ①（that SV）きっと～だと思う ②～を賭ける
410,demand,[他] ①～を（強く）要求する [名] ②（for ～）（～への）要求，需要
411,desire,[名] ①願望 [他] ②～を強く望む
412,praise,[他] ①（A for B）（A）を（B のことで）褒める，称える [名] ②賞賛
413,honor,[名] ①名誉，栄誉 [他] ②～を敬う
414,chat,[自] ①おしゃべりする [名] ②おしゃべり
415,refer,[自] （to ～）①（人が主語）（～に）言及する，参照する ②（物が主語）（～を）示す
416,mention,[他] ～について述べる，言及する
417,convey,[他] ①～を伝える ②（乗客，音，病気など）を運ぶ
418,demonstrate,[他] ～を（はっきり）示す，実演する
419,emphasize,[他] ～を強調する
420,exaggerate,[他] ①～を誇張する [自] ②誇張する，大げさに言う
421,reply,[自] ①（to ～）（～に）返事をする，答える [名] ②返事，答え
422,respond,[自] ①（to ～）（手紙や問いなどに）返答する ②（to ～）（～に）対応する，反応する
423,whisper,[自] ①ささやく [名] ②ささやき（声）
424,remark,[名] ①発言 [他] ②～と発言する
425,observe,[他] ①～を観察する ②（that SV）（気づいたことを）～と述べる ③（規則など）を遵守する ④（記念日など）を祝う
426,theory,[名] ①理論 ②（学）説
427,analysis,[名] 分析
428,phenomenon,[名] ①現象 ②特異なもの，天才（①②ともに<可算>）
429,device,[名] 装置<可算>
430,experiment,[名] ①実験 [自] ②実験する
431,chemical,[名] ①（通例 ―s）化学物質 [形] ②化学の
432,fuel,[名] ①燃料 [他] ②（感情など）を大きくする
433,nuclear,[形] 原子力の，核の
434,statistics,[名] ①統計（値）〈複数扱い〉 ②統計学〈不可算〉
435,pursue,[他] ①～を追求する，続ける ②～を追跡する
436,accomplish,[他] ～をやり遂げる
437,overcome,[他] ～を克服する
438,fulfill,[他] ①（義務，願望など）を果たす ②（必要など）を満たす
439,devote,[他] （A to B)（A）を（B に）ささげる
440,strive,[自] 努力する
441,aim,[自] ①狙う [他] ②（―ed at ～）～向けだ [名] ③狙い，目的
442,challenge,[名] ①難問，課題<可算> [他] ②～に異議を唱える
443,trial,[名] ①試み ②裁判 ③試練
444,dizzy,[形] めまいがして
445,appetite,[名] 食欲
446,starve,[自] ①餓死する ②（be ―ing）とてもお腹が空いている
447,mental,[形] ①精神の ②知力の
448,rest,[名] ①休憩 ②（the ―）残り [自] ③（横になったりして）休む ④（on ～）（～）次第だ [他] ⑤～を休ませる
449,surgery,[名] ①手術 ②外科（①②ともに〈不可算〉)
450,disease,[名] 病気
451,stomachache,[名] 腹痛
452,symptom,[名] ①（通例 ―s）症状 ②兆候
453,cancer,[名] ①がん ②（C―）かに座
454,ambulance,[名] 救急車
455,recover,[自] ①（from ～）（～から）回復する [他] ②（盗品など）を取り戻す
456,sore,[形] ①（のどや筋肉が）痛い ②（話題など）触れてほしくない，心が痛む
457,swell,[自] ①（手足などが）腫れる ②（風船，費用などが）膨らむ
458,cough,[自] ①咳をする [名] ②咳〈可算〉
459,bleed,[自] 出血する
460,faint,[形] ①（色，光などが）かすかな [自] ②気絶する [名] ③気絶
461,exhaust,[他] ①～を疲れ果てさせる ②～を使い果たす [名] ③排出，排気ガス
462,cure,[他] ①～を治療する [名] ②治療法
463,disabled,[形] ①障がいのある [名] ②（the ―）（集合的に）障がいのある人
464,stiff,[形] ①（筋肉などが）凝った，（動かすと）痛い ②堅い
465,muscle,[名] 筋肉
466,tongue,[名] ①舌 ②言語，言葉 ③（have a ～ tongue）話し方
467,sense,[名] ①感覚 ②分別 ③（言葉の）意味 [他] ④（何となく）～を感じる
468,sweat,[名] ①汗（通例〈不可算〉)[自] ②汗をかく
469,gender,[名] 性，性別
470,nationality,[名] 国籍
471,citizen,[名] ①市民 ②国民
472,civil,[形] ①（一般）市民の ②国内の ③礼儀正しい
473,racial,[形] 人種の，民族の
474,rural,[形] 田舎の
475,domestic,[形] ①国内の ②家庭内の
476,global,[形] （全）世界的な
477,suburb,[名] （通例the ―s）郊外
478,border,[名] ①国境（地帯），境界 [他] ②～を縁取る
479,burden,[名] 重荷，負担
480,impact,[名] ①（on ～）（～への）影響 ②（物体間の）衝撃 [自] ③（on ～）（～に）影響を及ぼす
481,status,[名] ①地位 ②（特定の時点の）状況
482,equal,[形] ①（to ～）（～に）等しい，平等な [他]②～に等しい
483,relationship,[名] ①関係 ②親密な関係 （①②ともに〈可算〉）
484,reputation,[名] （人，物の）評判〈可算〉
485,trend,[名] ①（世の中の）風潮，傾向 ②流行
486,service,[名] ①（政府あるいは企業による）事業，制度 ②（電車，バスの）便 ③サービス，接客〈不可算〉
487,religion,[名] 宗教
488,moral,[形] ①道徳的な [名] ②（物語の）教訓 ③（―s）道徳
489,standard,[名] ①基準，水準 [形] ②標準の
490,prosperity,[名] 繁栄
491,crisis,[名] 危機
492,prejudice,[名] ①偏見，先入観 [他] ②～に偏見をもたせる
493,discrimination,[名] ①差別 ②識別（①②ともに<不可算>）
494,charity,[名] ①慈善（事業）〈不可算〉 ②慈善団体〈可算〉 ③（形容詞的に）慈善のための
495,benefit,[名] ①恩恵 ②（―s）手当 [自] ③（from ～）（～から）恩恵を得る [他] ④～に恩恵を与える
496,welfare,[名] ①福祉 ②（健康なども含めた）幸福 ③生活保護（①②③いずれも<不可算>）
497,community,[名] （地域）社会，共同体（の人々）<可算>
498,individual,[名] ①個人，個体 [形] ②個人の，個々の
499,official,[名] ①役人，役員 [形] ②公式の
500,immigrant,[名] （外国からの）移民
501,volunteer,[名] ①ボランティア [自] ②（to do）（～することを）自発的に申し出る
502,interact,[自] （with～）（～と）交流する、相互作用する
503,contribute,[自] （to ～）①（～に）貢献する ②（～の）一因となる [他] ③（A to B）（A）を（B に）寄付する，提供する
504,abolish,[他] ～を廃止する
505,impose,[他] （A on B）（A）を（B に）課す，押しつける
506,access,[名] ①利用する権利 ②（場所への）接近方法
507,duty,[名] ①義務 ②関税
508,responsible,[形] ①（人が主語）責任がある ②（物が主語）原因となっている
509,policy,[名] ①政策 ②方針 ③保険契約，約款
510,elect,[他] ～を（選挙で）選ぶ
511,industry,[名] ①工業 ②（the ～ industry）産業，業界 ③勤勉
512,income,[名] 収入
513,profit,[名] 利益，利潤
514,tax,[名] 税金（〈米〉→〈可算〉 〈英〉→〈不可算〉）
515,expense,[名] ①費用，経費 ②（at the ― of ～）（～を）犠牲（にして）
516,debt,[名] 借金
517,deposit,[名] ①預金 ②頭金，保証金 ③埋蔵物 、堆積物 [他] ④～を預ける
518,charge,[名] ①料金 ②（主にin ―）責任，管理 ③（against ～）（～に対する）非難，告訴 [他] ④～を請求する ⑤～を告訴する ⑥～を充電する
519,wage,[名] ①賃金<可算> [他] ②（闘争，運動など）を行う
520,recession,[名] 不況，不景気
521,consume,[他] ～を消費する
522,waste,[他] ①～を浪費する [名] ②浪費，無駄 ③廃棄物〈不可算〉
523,invest,[他] ①（A in B）（A）を（B に）投資する ②（A with B）（A）に（B を）与える
524,import,[他] ①～を輸入する [名] ②輸入，輸入品
525,financial,[形] 財政的な，金銭的な
526,hire,[他] ①～を（一時的に）雇う ②（金を払って短期間）～を借りる
527,employ,[他] ①（人）を雇う ②（物，事）を用いる
528,resign,[自] ①（as ～）（～を）辞職する [他] ②（地位など）を辞める
529,qualify,[自] ①（for ～）（～の）資格がある ②（as ～）（～としての）資格を得る [他] ③～に資格を与える
530,assign,[他] ①～を割り当てる ②～を配属する
531,occupation,[名] ①職業〈可算〉 ②占有，占領〈不可算〉
532,career,[名] ①職業 ②経歴
533,profession,[名] ①（専門的な）職業 ②（the ―）同業者集団
534,unemployment,[名] ①失業 ②失業率（＝― rate），失業者数 （①②ともに〈不可算〉）
535,document,[名] ①書類，資料 [他] ②～を記録する
536,department,[名] ①（組織の）部門，課 ②（大学の）学科 ③（米国などの）省
537,branch,[名] ①支店，支局 ②（学問の）部門 ③枝
538,retail,[名] ①小売り〈不可算〉 [自] ②小売りされている
539,colleague,[名] （from ～）（～の）同僚
540,system,[名] ①制度，組織 ②体系 （①②ともに〈可算〉）
541,structure,[名] 構造
542,architecture,[名] 建築（様式）〈不可算〉
543,construction,[名] 建設〈不可算〉
544,function,[名] ①機能 [自] ②機能する
545,surface,[名] ①表面<可算> [自] ②表面化する
546,aspect,[名] 側面<可算>
547,edge,[名] ①端 ②（ナイフなどの）刃 ③優位
548,makeup,[名] ①（物の）構成、構造 ②（人の）資質 ③化粧 ④（― exam）追試験
549,consist,[自] ①（of ～）（～で）構成されている ②（in ～）（～に）ある
550,compose,[他] ①～を構成する，組み立てる ②～を作曲［作文］する ③～を落ち着かせる
551,attach,[他] ①～をくっつける，添付する ②～に愛着を持たせる
552,connect,[他] ①～をつなげる ②～を関連づける [自] ③つながる
553,relate,[他] ①（A to B）（A）を（B に）関連づける ②～を（順序立てて）話す [自] ③（to ～）（～に）理解を示す
554,associate,[他] ①（A with B）（A）を（B と）関連づける，（A）から（B を）連想する [自] ②（with ～)（～と）付き合う [名] ③同僚，共同経営者
555,stick,[他] ①～を貼り付ける ②（舌や脚）を出す [自] ③（to）（主義などを）守る，固執する
556,thief,[名] 泥棒
557,crime,[名] 犯罪
558,motive,[名] 動機
559,punish,[他] （（人）for ～）（人）を（～の理由で）罰する
560,violate,[他] ①（法律など）に違反する ②（権利など）を侵害する
561,legal,[形] ①合法の ②法律の，法的な
562,enemy,[名] ①敵<可算> ②（形容詞的に）敵の
563,conflict,[名] ①対立，紛争 ②葛藤 [自] ③（with ～）（～と）矛盾する
564,compete,[自] ①競争する ②（in ～）（競技などに）参加する
565,defeat,[他] ①（相手）を打ち負かす [名] ②敗北
566,victim,[名] 犠牲者
567,obstacle,[名]（to ～）（～に対する）障害〈可算〉
568,harm,[名] ①害〈不可算〉 [他] ②～に害を与える
569,invade,[他] ①（プライバシーなど）を侵害する ②（国など）に侵入する，～を侵略する
570,endanger,[他] ～を危険にさらす
571,interrupt,[他] ①～を中断する ②～を遮る [自] ③人の話を遮る
572,spoil,[他] ①～を台無しにする ②（子ども）を甘やかす
573,spectator,[名] 観客〈可算〉
574,relative,[名] ①（家族も含めて）親戚 [形] ②相対的な
575,departure,[名] ①出発 ②逸脱
576,destination,[名] ①目的地 ②（tourist ―）観光地，旅行先（①②ともに<可算>）
577,transportation,[名] 交通機関〈不可算〉
578,vehicle,[名] ①（エンジンの付いた）車両 ②（思想，意見の）伝達手段
579,baggage,[名]（旅行時の）手荷物<不可算>
580,via,[前] ①～経由で ②～によって
581,lead,[自] ①（to ～）（～に）至る [他] ②（a ～ life）（～な生活）を送る ③（A to do）A に～させる [名] ④鉛，（シャーペンなどの）芯
582,rise,[自] ①上がる，昇る [名] ②上昇
583,flow,[自] ①流れる [名] ②流れ
584,burst,[自] ①破裂する，爆発する ②（慣用句で）突然～し始める
585,melt,[自] ①（固体が）溶ける [他] ②～を溶かす
586,commute,[自] ①通勤[通学]する [名] ②通勤[通学]（距離）
587,accompany,[他] ①（人が主語）～と一緒に行く ②（物が主語）～に伴う
588,emit,[他]（ガス、熱、光など）を排出する
589,progress,[名] ①進歩，前進 〈不可算〉 [自] ②進歩する，進む
590,advance,[名] ①進歩，前進 〈可算〉 [自] ②（軍隊などが）前進する，進歩する [形] ③事前の
591,deal,[自] ①（with～）（～を）扱う [名] ②取り引き
592,handle,[他] ①～を扱う ②（手で）～を扱う，触れる [名] ③取っ手
593,treat,[他] ①（副詞を伴って）～を扱う ②（病人，病気）を治療する ③（A to B)（A)に（Bを）おごる [名] ④楽しみ
594,clue,[名] （to ～）（～の）手がかり
595,restrict,[他] ～を制限する
596,limit,[他] ①（数量，範囲）を制限する [名] ②制限
597,forbid,[他] ～を禁じる
598,ban,[名] ①禁止〈可算〉 [他] ②～を禁止する
599,refuse,[他] ①（to do）～するのを拒む ②～を断る
600,reject,[他] ①～を拒絶する ②（人）を拒む、除け者にする
601,persuade,[他] （A to do）（A）を説得して～させる
602,convince,[他] ①（A of B）（A）に（Bを）確信させる，（A that SV）（A）に（～を）確信させる ②（A to do）（A）を説得して～させる
603,inspire,[他] ①～を奮起させる，かき立てる ②（作品）に創作のヒントを与える
604,discourage,[他] ～のやる気をなくさせる，落胆させる
605,promote,[他] ①～を促進する ②（be［get］―d to ～）（～に）出世［昇進］する
606,boost,[他] ～を促進させる，増大させる
607,expand,[自] ①拡大する，膨張する [他] ②～を拡大する，膨張させる
608,extend,[他] ①～を延長する，広げる [自] ②伸びる，広がる
609,broaden,[他] ①～を広げる [自] ②広がる
610,spread,[他] ①～を広げる [自] ②広がる [名] ③広がり
611,tie,[他] ①（荷物など）を縛る ②（ひも，ネクタイなど）を結ぶ [名] ③ネクタイ（＝necktie)④（家族などの）きずな
612,fasten,[他] ①～を固定する ②（ボタンなど）をかける，留める
613,fix,[他] ①～を固定する ②～を修理する ③（主に 〈米〉）（食事，飲み物）を作る
614,install,[他] ①（機械など）を設置する ②～をインストールする
615,resist,[他] ①～を我慢する ②～に抵抗する
616,obey,[他] ～に従う
617,engage,[自] ①（in ～）（活動に）従事する ②（with ～）（理解のために、人や考えに）関与する [他] ③（関心、注意など）を引く
618,bump,[自] （into ～）①（～に）ぶつかる ②（～に）偶然出会う
619,bend,[自] ①身をかがめる [他] ②～を曲げる [名] ③（道の）カーブ
620,hug,[他] ①（人）を （愛情こめて）抱きしめる [名] ②抱擁
621,stare,[自] ①（at ～）（～を）じっと見つめる [名] ②凝視
622,gaze,[自] ①（at［on］～）（～を）見つめる [名] ②視線，凝視
623,glance,[自] ①ちらりと見る [名] ②ちらりと見ること
624,glimpse,[他] ①～がちらりと見える [名] ②ちらりと見えること
625,stretch,[他] ①（手足や体）を伸ばす，広げる [自] ②伸びる，広がる [名] ③（ひと続きの）広がり
626,stumble,[自] ①つまずく ②（across［into］～）（～に）偶然出会う
627,press,[他] ①～を（強く）押す ②～を押しつける，勧める [名] ③（the ―）報道機関，出版
628,drag,[他] ～を（ずるずると）引きずる
629,lean,[自] ①（against［on］～）（～に）寄りかかる ②（forward）身を乗り出す [形] ③（健康的に）痩せている
630,scratch,[他] ①～をひっかく，かく [名] ②ひっかき傷
631,bow,[自] ①おじぎする [名] ②おじぎ
632,nod,[自] ①うなずく ②（off）うたた寝する [名] ③うなずき，会釈
633,sigh,[自] ①ため息をつく [名] ②ため息
634,yawn,[自] ①あくびをする [名] ②あくび
635,sneeze,[自] くしゃみをする
636,bury,[他] ①～を埋める ②～を埋葬する
637,perform,[他] ①～を遂行する ②～を演じる，演奏する [自] ③（副詞を伴い）やる
638,adopt,[他] ①～を採用する ②～を養子にする、（動物など）を引き取る
639,escape,[自] ①（from ～）（～から）逃れる [他] ②～を避ける [名] ③逃亡
640,scatter,[他] ①～をまき散らす [自] ②（群衆などが）散る
641,fold,[他] ①～を折る ②（up）～を折りたたむ ③（腕）を組む [自] ④折りたためる
642,hang,[他] ①～を掛ける ②～を絞首刑にする [自] ③ぶら下がる
643,release,[他] ①～を解放する ②（映画など）を発表する，出す ③（ガスなど）を放出する [名] ④解放，発売
644,strike,[他] ①～を打つ ②（災害が）～を襲う ③（考えが人）に思い浮かぶ ④（A as B）（A）に（B という）印象を与える [名] ⑤ストライキ
645,beat,[他] ①～を打つ ②～に勝つ
646,protect,[他] ～を守る，保護する
647,twist,[他] ①～を（ねじ）曲げる ②（体の一部）をひねる，捻挫する
648,skip,[他] ～をサボる，抜かす
649,expose,[他] ①～をさらす ②（秘密，犯罪など）を暴露する
650,stir,[他] ①（液体など）を混ぜる ②（―up ）（感情など）を呼び覚ます
651,shake,[他] ①～を振る ②～を揺さぶる [自] ③（恐怖，寒さで）震える
652,polish,[他] ～を磨く
653,attend,[他] ①～に出席する，通う [自] ②（to ～）（～に）注意を向ける ③（to ～）（～を）世話する
654,imitate,[他] ～をまねる
655,conduct,[他] ①～を行う ②（電気，熱）を伝える [名] ③行為
656,struggle,[自] ①苦闘する，もがく [名] ②苦闘，もがくこと〈可算〉
657,burn,[自] ①焼ける [他] ②～を燃やす
658,cheat,[自] ①ごまかす [他] ②～をだます
659,participate,[自] （in ～）（～に）参加する
660,exist,[自] 存在する
661,arise,[自] 生じる
662,occur,[自] ①生じる ②（to （人））（考えなどが（人）に）思いつく
663,involve,[他] ①（be ―d in ～）（事件などに）巻き込まれる ②（be ―d in ～）（子育てなどに）参加する ③～を伴う
664,require,[他] ～を必要とする
665,counterpart,[名] （to ～）（～に）対応する［（～と）同等の］人［物，事］
666,advent,[名] ①到来 ②（the A―）キリストの降臨
667,maintain,[他] ①～を維持する ②（that SV）（～）を（強く）主張する
668,last,[自] ①（時間的に）続く ②（服などが）長持ちする [形] （the last ～）③この前の～，最後の～ ④もっとも～でない [名] ⑤（at ―）ついに
669,persist,[自] ①持続する，残る ②（in［with］～）（～を）貫く，（～に）固執する
670,examine,[他] ①～を調査する ②～を検査する
671,gain,[他] ①～を増す ②～を得る [名] ③利益，増加
672,obtain,[他] （資格，許可，情報など）を得る
673,acquire,[他] ①～を習得する ②～を獲得する ③～を買収する
674,search,[他] ①（A for B)（B（物）を求めてA（場所））を捜す [名] ②捜索，調査
675,logical,[形] 論理的な
676,scholarship,[名] ①奨学金〈可算〉 ②学問、（人文科学の）学識〈不可算〉
677,instruction,[名] （通例―s）指示
678,determine,[他] ①～を決める，～に大きく影響する ②（be ―d to do）～することを決意している ③（原因など）を特定する
679,conclude,[他] ①（that SV）～と結論を下す
680,distinguish,[他] ～を区別する
681,classify,[他] ～を分類する
682,estimate,[他] ①～を推定する，見積もる [名] ②（for ～）（～の）見積もり
683,organize,[他] ①（考えなど）をまとめる ②～を組織化する，取りまとめる
684,recognize,[他] ①（知り合いなど）が誰だかわかる ②（that SV）～を認識する
685,suppose,[他] ①（be ―d to do）～することになっている ②～と思う，仮定する
686,assume,[他] ①～と思い込む，決めつける ②～を引き受ける
687,care,[自] ①（否定文で）気にする ②世話をする [名] ③世話，心配
688,approve,[自] ①（of ～）（～を）認める，承認する [他] ②～を承認する
689,notice,[他] ①～に気がついている [名] ②通知，掲示，注意
690,aware,[形] 気づいている
691,conscious,[形] ①意識している，気づいている ②意識がある
692,concerned,[形] ①（with［about］～）（～に）関心を持っている，重視している ②（with ～）（～を）扱っている ③（about［for］～）（～を）懸念している
693,regard,[他] ①（A as B）（A）を（B と）みなす ②（副詞を伴い）～を評価する [名] ③（in ―）点 ④（―s）よろしくという挨拶
694,commit,[他] ①（oneself to ～ / be ―ed to ～）～に専念する ②（A to B)（A）を（B に）委ねる，充てる ③（犯罪など）を犯す
695,doubt,[他] ①～を疑う ②（that SV）～とは思わない [名] ③疑い
696,memorize,[他] ～を暗記する
697,forgive,[他] （人，過ち）を許す
698,grant,[他] ①（take ～ for granted）～を当然のことと思う ②（権利など）を与える [名] ③交付，補助金
699,recall,[他] ①～を思い出す ②（商品）を回収する，リコールする
700,outlook,[名] ①（人生，世界などに対する）考え方 ②（経済，天候などの）見通し
701,perspective,[名] ①（経験などで得られる）視点〈可算〉 ②（大局的な）見方，遠近法〈不可算〉
702,abandon,[他] ～を捨てる，放棄する
703,eliminate,[他] ①（不要な人，物，事）を排除する ②（be ―d）敗退する
704,rid,[他] （get ― of ～）①（不要品）を処分する ②～を取り除く
705,remove,[他] ①～を取り除く，取り去る ②（衣服）を脱ぐ
706,resource,[名] ①（―s）（石油などの）資源，（人，国の）財産 ②（―s）（困難に立ち向かう）力量 ③（万一の頼みの）手段
707,conservation,[名] ①保護 ②保存
708,preserve,[他] ①（自然など）を保護する ②（景観，平和，食品など）を保つ
709,disaster,[名] ①災害 ②大失敗
710,planet,[名] ①惑星 ②（the ―）地球
711,environment,[名] 環境，周囲（の状況）
712,horizon,[名] ①水平線，地平線 ②（―s）視野
713,layer,[名] （大気や地面などの）層 <可算>
714,agriculture,[名] 農業〈不可算〉
715,crop,[名] ①作物 ②収穫（高)[自] ③（up）生じる
716,soil,[名] 土，土壌
717,weed,[名] ①雑草，海草 [他] ②～の雑草を抜く
718,pollen,[名] 花粉
719,drown,[自] 溺れ死ぬ
720,leak,[自] ①漏れる [他] ②～を漏らす [名] ③漏れ
721,climate,[名] ①気候 ②（政治，経済，文化の）状況
722,atmosphere,[名] ①（the ―）大気 ②雰囲気 ③（the（Earth's）―）大気圏
723,forecast,[名] ①予報 [他] ②～を予報する
724,humid,[形] 湿気が多い
725,tropical,[形] 熱帯の
726,solar,[形] 太陽の
727,species,[名] 種〈単複同形〉
728,pesticide,[名] （虫や小動物などの）殺虫剤、駆除剤
729,extinct,[形] 絶滅した
730,feed,[他] ①～にえさを与える ②（子どもなど）を養う [自] ③（on ～）（～を）常食とする
731,energetic,[形] （人，運動などが）活発な
732,greedy,[形] 貪欲な
733,brave,[形] 勇敢な
734,generous,[形] 気前のよい
735,intellectual,[形] 知的な
736,curious,[形] ①（人が主語）好奇心が強い ②（物が主語）奇妙な，好奇心をそそる
737,imaginative,[形] 想像力豊かな
738,afford,[他] ①（can ―）～する余裕がある ②（SVO1O2）（O1に）O2を与える
739,eager,[形] 熱心な
740,selfish,[形] 利己的な，自分勝手な
741,aggressive,[形] ①攻撃的な ②積極的な
742,cruel,[形] 残酷な
743,addicted,[形] ～の中毒になっている
744,stubborn,[形] 頑固な
745,bold,[形] 大胆な
746,guilty,[形] ①申し訳なく思う，罪の意識がある ②（of ～）（～の）罪を犯した
747,innocent,[形] ①（of ～）（～に関して）無実の ②無邪気な
748,sincere,[形] ①（心から）誠実な ②（言動が）心からの，偽りのない
749,modest,[形] ①（人が）謙虚な ②（物が）大きくない，高くない
750,stupid,[形] ばかな
751,indifferent,[形] 無関心で
752,punctual,[形] （約束などの）時間を守る
753,coward,[名] 臆病者
754,precise,[形] 正確な，精密な
755,accurate,[形] 正確な
756,proper,[形] 適切な
757,tidy,[形] ①（主に〈英〉）きちんとした，整然とした [他] ②～を整頓する
758,efficient,[形] ①能率的な，無駄がない ②（人が）有能な
759,reasonable,[形] ①理にかなった ②（値段が）手ごろな
760,significant,[形] ①重要な、有意な ②（数量，増減などが）かなりの
761,precious,[形] ①（時間や命などが）貴重な ②（宝石などが）高価な
762,essential,[形] ①不可欠な [名] ②（―s）不可欠なもの
763,fundamental,[形] ①根本的な，基本的な [名] ②（―s）基本事項
764,outweigh,[他] （価値・重要性・影響力で）～に勝る
765,critical,[形] ①重大な，危機的な状況の ②批判的な
766,serious,[形] ①深刻な ②（人が）真剣な，本気の
767,complex,[形] ①複雑な [名] ②複合体（の建物)③強迫観念
768,complicated,[形] 複雑な、ややこしい
769,delicate,[形] ①繊細な，微妙な ②（人が）虚弱な
770,plain,[形] ①明白な，わかりやすい ②質素な [名] ③平野，原野
771,obvious,[形] 明白な
772,remarkable,[形] 注目すべき，すばらしい
773,outstanding,[形] 傑出した，目立った
774,various,[形] さまざまな
775,diversity,[名] 多様性
776,sort,[名] ①種（類)②（副詞的に）（― of）多少 [他] ③～を分類する
777,marvelous,[形] 驚くべき、素晴らしい
778,active,[形] 積極的な，活発な
779,positive,[形] ①前向きな，積極的な ②確信している
780,pure,[形] ①純粋な ②（水，空気が）澄んだ
781,steady,[形] 着実な，一定の
782,flexible,[形] 柔軟な，融通のきく
783,ripe,[形] 熟した
784,stable,[形] ①安定した [名] ②馬小屋，きゅう舎
785,negative,[形] 否定的な，否定の
786,vague,[形] 曖昧な，漠然とした
787,weird,[形] 変な
788,rough,[形] ①（表面が）粗い ②おおざっぱな ③（海，天候などが）荒れている
789,severe,[形] ①（天候，批判，罰則などが）厳しい ②（けが，問題などが）ひどい
790,passive,[形] 受動的な，消極的な
791,vain,[形] ①（in ―）無駄に ②（努力などが）無駄な ③うぬぼれの強い
792,fake,[形] ①偽の，偽造の [名]②偽造品
793,risky,[形] 危険な，危うい
794,odd,[形] ①奇妙な ②奇数の ③半端な，雑多な [名] ④〈英〉（the ―s）可能性
795,ignorant,[形] 無知の
796,contrast,[名] ①対比 [他] ②～を対比する [自]③対照をなす
797,valid,[形] ①（理由，主張などが）妥当な，正当な ②（切符などが）有効な
798,rare,[形] 珍しい
799,casual,[形] ①気楽な ②ふとした，何気ない
800,available,[形] ①手に入る，利用できる ②（人の予定が）空いている
801,practical,[形] ①（人，知識が）現実的な，実際の ②（発明，道具などが）実用的な，実践的な
802,abstract,[形] ①抽象的な [名] ②（論文などの）要旨
803,brand-new,[形] 新品の，真新しい
804,secondhand,[形] ①中古の ②間接的な
805,rapid,[形] ①急速な [名] ②（―s）急流
806,urgent,[形] 緊急の，差し迫った
807,shallow,[形] ①浅い ②（人，言動などが）浅はかな
808,sharp,[形] ①（変化，方向転換などが）急激な ②（言葉が）きつい ③（刃物，感覚，人などが）鋭い [副] ④（時刻が）きっちりで
809,calm,[形] ①落ち着いた [自] ②落ち着く [他] ③～を落ち着かせる
810,naked,[形] （人が）裸の，むき出しの
811,independent,[形] ①独立した，無所属の [名] ②無所属の人
812,tense,[形] ①張り詰めた ②（人が）緊張した [名] ③時制
813,narrow,[形] ①狭い [他] ②～を狭くする，細める
814,vacant,[形] 空いている，使用されていない
815,vivid,[形] ①（記憶，描写などが）鮮明な ②（色が）鮮明な
816,awkward,[形] ①ぎこちない ②気まずい ③扱いにくい
817,objective,[形] ①客観的な [名] ②目標
818,manual,[形] ①手を使う，身体を使う ②手動の [名] ③手引き書
819,alike,[形] ①似ている [副] ②（A and B ―）（A もB も）同様に
820,alien,[形] ①異質な ②外国（人）の、地球圏外の
821,tend,[自] （to do）～する傾向にある
822,deserve,[他] ～に値する
823,fragment,[名] 破片〈可算〉
824,range,[名] ①範囲 [自] ②（from A to B）（A からB の）範囲に及ぶ
825,scale,[名] ①規模 ②（―s）体重計 ③うろこ
826,unique,[形] ①（to ～）（～に）特有の，独自の ②独特の
827,particular,[形] ①ある特定の，特有の ②（about ～）（～の）好みがうるさい [名] ③（in ―）特に（＝particularly）
828,typical,[形] 典型的な
829,general,[形] ①一般的な，全体の [名] ②大将，将軍
830,ordinary,[形] 平凡な，ふつうの
831,account,[自] （for ～）①（割合を）占める ②（～の原因を）説明する [名] ③説明 ④口座
832,calculate,[他] ～を計算する
833,measure,[他] ①～を測る [自] ②～の寸法がある [名] ③（―s）手段
834,decline,[自] ①減る，衰退する [他] ②～を断る [名] ③衰退，減少
835,split,[他] ①～を割る ②～を分裂させる [自] ③分裂する [名] ④分裂，裂け目，割れ目
836,volume,[名] ①容積，体積 ②ボリューム，音量 ③（全集などの）1巻
837,proportion,[名] ①比率 ②部分 ③（―s）規模，大きさ
838,dozen,[名] ①ダース ②（―s of ～）数十の～
839,amount,[名] ①量 [自] （to ～）②（合計が）～に達する ③結局～になる
840,mass,[名] ①大量 ②（the ―es）大衆 ③かたまり ④質量 ⑤（M―）ミサ
841,shortage,[名] 不足〈可算〉
842,enormous,[形] 莫大な，巨大な
843,spare,[形] ①余分な，予備の [他] ②（時間やお金，労力）を割く ③～を惜しむ
844,arrange,[他] ①～を手配する、～の段取りをつける ②～を整理する
845,adapt,[自] ①適応する [他] ②～を適応させる
846,match,[他] ①～と調和する ②～に匹敵する [名] ③釣り合う人［物］，好敵手
847,fit,[他] ①（サイズが人）に合う [形] ②健康な ③（to do）（～するのに）適した
848,emergency,[名] ①緊急事態 ②（形容詞的に）緊急の
849,occasion,[名] ①場合 ②行事，祝い事
850,accidental,[形] 偶然の、偶発的な
851,current,[形] ①最新の，今の ②流通して [名] ③流れ，風潮
852,temporary,[形] 一時的な
853,permanent,[形] 永久的な
854,previous,[形] （時間，順序で）前の，以前の
855,former,[名] ①（the ―）前者 [形] ②元の、前の、旧
856,contemporary,[形] ①現代の ②同時代の [名] ③同時代の人
857,lately,[副] 最近
858,immediately,[副] ①すぐに ②直接に
859,deadline,[名]（for ～）（～の）締め切り <可算>
860,decade,[名] 10年
861,supply,[他] ①～を供給する [名] ②供給
862,replace,[他] ①～に取って代わる ②（A with B）（A）を（B に）取り替える
863,exchange,[他] ①～を交換する [名] ②交換
864,substitute,[他] ①（A for B)（B の）代わりに（A）を用いる [自] ②（for ～）（～の）代わりになる，代わりをする [形] ③代わりの [名] ④（for ～）（～の）代用品，代理人
865,submit,[他] ①（願書，辞表など）を提出する [自] ②（to ～）（～に）服従する
866,alternative,[名] ①（to ～）（～の）代わりのもの ②選択肢 [形] ③代わりの、既存のものとは違う
867,deliver,[他] ①～を配達する ②（演説など）をする
868,enclose,[他] ①～を同封する ②～を囲む，閉じ込める
869,envelope,[名] 封筒
870,trick,[名] ①（悪意のない）いたずら ②（巧妙な）手口，策略 ③芸，手品 ④（of ～）秘けつ [他] ⑤～をだます
871,load,[名] ①荷（物）〈可算〉 [他] ②（A with B）（A）に（B を）積む
872,content,[名] ①中身，内容 [形] ②（with ～）（～に）満足して
873,household,[名] ①（集合的に）所帯，家庭〈可算〉 [形] ②家庭の
874,good,[名] ①（―s）商品 ②利益 [形] ③（a ― many ～）かなりの
875,luxury,[名] ①高級（品），ぜいたく品 ②（形容詞的に）豪華な，ぜいたくな
876,credit,[名] ①（― card）クレジットカード ②功績，手柄 ③（大学の）単位 [他] ④～の功績を認める
877,questionnaire,[名] アンケート
878,reservation,[名] ①予約 ②慎重な姿勢
879,fuss,[名] 大騒ぎ
880,reward,[名] ①報酬，褒美 ，懸賞金 [他] ②～に褒美を与える，報いる
881,farewell,[名] 別れ（のあいさつ）
882,reception,[名] ①もてなし，歓迎会 ②（ホテルの）フロント ③受信状況
883,portion,[名] ①（食事の）1盛り ②（食堂などでの）1人前 ③一部
884,laundry,[名] ①〈米〉洗濯 ②〈米〉洗濯物 ③クリーニング店（＝a cleaner's）
885,nap,[名] ①昼寝，仮眠 [自] ②昼寝をする，仮眠をとる
886,wake,[自] ①目が覚める [他] ②（眠っている人）を起こす
887,vending machine,[名] 自動販売機
888,grocery,[名] ①食料雑貨店 ②（―ies）食料雑貨類
889,appointment,[名] ①（病院などの）予約，（面会の）約束 ②（役職などの）任命，指名
890,consult,[他] ①～に相談する ②（辞書）を引く [自] ③（with ～）（～に）相談する
891,register,[他] ①～を登録する，記録する [自] ②（for ～）（授業などに）登録する ③（ホテルなどで）記帳する [名] ④登録（票），登録簿
892,dye,[他] ①～を染める [名] ②染料
893,subscribe,[自] ①（to ～）（～を）定期購読する，加入している ②（主に否定文で）（to ～）（考えなどを）支持する
894,guarantee,[他] ①～を保証する [名] ②保証（期間）
895,wipe,[他] ①～を拭く ②～を一掃する，壊滅させる
896,sweep,[他] ①（床，地面）を掃く ②（風，波などが）～を押し流す
897,transfer,[自] ①（電車などを）乗り換える ②転勤［転校，移籍］する [他] ③（物，活動拠点など）を移す，～を転勤［転属］させる ④（銀行で）～を振り込む
898,divorce,[自] ①離婚する [他] ②～と離婚する [名] ③離婚
899,fate,[名] 運命，宿命
900,destiny,[名] 運命
901,flavor,[名] 風味，味〈可算〉
902,perfume,[名] ①香り ②香水
903,ingredient,[名] ①（料理などの）材料 ②（何かを達成するための）要因 ③成分
904,bitter,[形] ①苦い，つらい ②憤慨して
905,aisle,[名] 通路
906,track,[名] ①足跡，小道 ②（鉄道の）線路，プラットホーム [他] ③～を追跡する
907,district,[名] 地区
908,facility,[名] ①施設，設備 ②能力，器用さ
909,height,[名] ①高さ ②高い所 ③最盛期
910,distant,[形] 遠い
911,locate,[他] ①（be ―d）～に位置している，ある ②～の場所を見つける
912,occupy,[他] ～を占める
913,surround,[他] ～を取り囲む，包囲する
914,classical,[形] ①（音楽，バレエ，ダンスなどで）クラシックの ②古典的な
915,civilization,[名] 文明
916,heritage,[名] 遺産
917,script,[名] ①台本，脚本 ②（ある言語の）文字 ③（手書きの）文字
918,tale,[名] 話
919,literature,[名] ①文学 ②文献 （①②ともに〈不可算〉）
920,tragedy,[名] 悲劇〈可算〉
921,poetry,[名] 詩〈不可算〉
922,biography,[名] 伝記
923,term,[名] ①用語，言葉 ②（long［short］などを伴い）期間，学期，任期 ③（be on ～ ―s）（～の）間柄（である)④（―s）（契約などの）条件
924,proverb,[名] 諺
925,dialect,[名] 方言
926,fluent,[形] 流暢な
927,translate,[他] ①～を翻訳する [自] ②（into ～）（結果として）～に変わる
928,define,[他] ①～を定義する ②～を規定する
929,interpret,[他] ①～を解釈する ②～を通訳する [自] ③通訳する
930,quote,[他] ①～を引用する ②～に価格を提示する [名] ③引用文 ④提示価格，見積り
931,literally,[副] 文字どおりに
932,indicate,[他] ①（データなどが）～を示す ②～を指し示す
933,reveal,[他] ～を明らかにする，暴露する
934,announce,[他] ～を発表する
935,broadcast,[他] ①～を放送する [名] ②（１回の）放送
936,prove,[他] ①～を証明する ②（to be ～）～だとわかる
937,advertise,[他] ～を宣伝する
938,clarify,[他] ～を明らかにする
939,seek,[他] ①～を求める ②（to do）～しようと努める
940,entertain,[他] ①～を楽しませる ②～をもてなす
941,amuse,[他] ～を楽しませる
942,attract,[他] ～を引きつける，魅了する
943,fascinate,[他] ～を魅了する，～にとても興味をもたせる
944,absorb,[他] ①（be ―ed in ～）～に没頭する ②～を吸収する
945,fond,[他] ①（be ― of～）（～が）好きだ ②懐かしい
946,scare,[他] ～をおびえさせる
947,alarm,[他] ①～をぎょっとさせる [名] ②恐怖，不安
948,amaze,[他] ～を驚かせる
949,irritate,[他] （長期にわたって）～をいらいらさせる
950,upset,[他] ①～を動揺させる ②（均衡など）を乱す [形] ③動揺して，腹を立てて
951,puzzle,[他] ①～を当惑させる [名] ②難問，パズル
952,confuse,[他] ①～を混乱させる，困惑させる ②（A with［and］ B)（A）を（Bと）混同する
953,bore,[他] ～をうんざりさせる，退屈させる
954,frustrate,[他] ①～を欲求不満にさせる ②（計画など）を挫折させる
955,disappoint,[他] ～を失望させる
956,embarrass,[他] ～に恥ずかしい思いをさせる，困惑させる
957,ashamed,[形] 恥ずかしい
958,uneasy,[形] 不安な，胸騒ぎがする
959,hesitate,[自] ためらう
960,reluctant,[形] （to do）（～するのは）気が進まない
961,tremble,[自] 震える
962,boast,[自] ①自慢する [他] ②（場所や組織が）～を誇りにしている
963,jealous,[形] （of ～）（～に）嫉妬した
964,envy,[他] ①～を羨ましく思う [名] ②羨望
965,yell,[自] ①叫ぶ，大声をあげる [名] ②叫び，わめき声
966,respect,[他] ①（人）を尊敬する ②（物）を尊重する [名] ③（for ～）（～に対する）尊敬，尊重 ④（in ―）点
967,despair,[名] 絶望
968,emotion,[名] （特に強い）感情〈可算〉
969,sympathy,[名] ①同情 ②共感
970,shame,[名] ①残念なこと ②恥
971,confidence,[名] ①自信 ②（in ～）（～に対する）信頼
972,courage,[名] 勇気
973,passion,[名] 情熱
974,sorrow,[名] 悲しみ
975,ignore,[他] （人，物）を無視する
976,offend,[他] （人，物が）～を怒らせる，～の気分を害する
977,depress,[他] ～を憂うつにさせる，落ち込ませる
978,owe,[他] （A to B)①（A）は（B の）おかげだ ②（A）を（Bに）借りている
979,fear,[名] ①恐怖 [他] ②～を恐れる ③～を心配する
980,method,[名] 方法
981,medium,[名] ①（情報伝達）手段，媒体，メディア [形] ②中間の
982,means,[名] ①手段〈単複同形〉 ②（特定な表現で）財産，収入
983,extent,[名] 程度
984,extremely,[副] 極度に，非常に
985,total,[形] ①全体の ②（a ―）まったくの [名] ③合計
986,largely,[副] ①大部分は ②主に
987,moderate,[形] 適度な，節度のある
988,somewhat,[副] いくぶん
989,subtle,[形] かすかな
990,possibly,[副] ①ひょっとすると ②（cannot ―）どうしても（～できない）
991,eventually,[副] 最終的に，ついに
992,necessarily,[副] （not ―）必ずしも（～ない）
993,frankly,[副] 率直に
994,ironically,[副] 皮肉なことに
995,moreover,[副] その上
996,otherwise,[副] ①さもなければ ②ほかの点では ③ほかの方法で
997,regardless,[副] （of ～）（～とは）無関係に
998,worth,[前] ①～の価値がある ②（― doing）（～する）価値がある [名] ③価値，（～）相当
999,according to,[前] ①（調査，人の話など）によれば ②（能力など）に応じて
1000,despite,[前] ～にもかかわらず
1001,propose,[他] ①～を提案する [自] ②（to ～）（～に）結婚を申し込む
1002,dismiss,[他] ①（意見や考えなど）を退ける ②～を解雇する
1003,bless,[他] ～を祝福する
1004,glory,[名] 栄光
1005,compliment,[名] ①褒め言葉，賛辞 [他] ②～を褒める
1006,feast,[名] ①宴会，祝宴 ②とても楽しいこと，喜ばせるもの
1007,declare,[他] ①～を宣言する ②（税関や税務署で）～を申告する
1008,highlight,[他] ①～を強調する [名] ②呼び物，目玉商品，ハイライト
1009,imply,[他] ～をほのめかす，（暗に）～を意味する
1010,recite,[他] ～を暗唱する
1011,ray,[名] ①光線 ②放射線 ③（a ― of）一縷の，わずかな
1012,radiation,[名] 放射線
1013,laboratory,[名] 研究室，研究所
1014,oxygen,[名] 酸素
1015,molecule,[名] 分子
1016,compound,[名] ①化合物 [形] ②複合的な
1017,tissue,[名] ①組織 ②ティッシュペーパー
1018,cell,[名] ①細胞 ②電池 ③独房 （①②③いずれも〈可算〉)
1019,gene,[名] 遺伝子〈可算〉
1020,substance,[名] ①物質 ②本質，根拠 <不可算>
1021,solid,[形] ①固体の ②ぎっしり詰まった [名] ③固体
1022,satellite,[名] ①（月などの）衛星 ②人工衛星
1023,orbit,[名] ①軌道 [他] ②（惑星などが）～を周回する
1024,launch,[他] ①（ロケットなど）を打ち上げる ②（運動，事業など）を始める [名] ③打ち上げ，開始，発売
1025,attempt,[名] ①試み [他] ②（to do）（～しようと）試みる
1026,capacity,[名] ①能力 ②容量，収容力
1027,capable,[形] ①（of ～）（～する）力がある ②有能な
1028,attain,[他] ①（人が主語）～を達成する ②（物，人が主語）～に到達する
1029,desperate,[形] ①必死の ②（状況が）絶望的な
1030,dedicate,[他] （A to B）（A）を（B に）捧げる
1031,pain,[名] ①苦痛 ②（―s）苦労
1032,strain,[名] ①（心身の）負担，無理 [他] ②（目や筋肉など）を痛める
1033,remedy,[名] ①治療法，治療薬 ②改善策，対策（①②いずれも〈可算〉）
1034,pharmacy,[名] （調剤）薬局
1035,physician,[名] ①〈米〉医師 ②〈英〉内科医
1036,disorder,[名] （心身の）不調
1037,pregnant,[形] 妊娠した
1038,clinical,[形] 臨床の
1039,heal,[他] ①～を治す [自] ②治る
1040,infect,[他] （人，動物，地域）に感染させる，伝染する
1041,ankle,[名] 足首
1042,thumb,[名] 親指
1043,forehead,[名] 額，おでこ
1044,chin,[名] 下あご，あごの先端
1045,chest,[名] ①胸（部)②（大きな木の）箱，密閉容器
1046,breast,[名] （主に女性の）胸，乳房
1047,lung,[名] 肺〈可算〉
1048,organ,[名] ①臓器，(動植物の)器官 ②(楽器)オルガン（①②ともに<可算>）
1049,vision,[名] ①視力，視野 ②未来像 ③未来を見通す力，先見の明
1050,skeleton,[名] 骸骨，骨格
1051,sensation,[名] ①感覚 ②（説明し難い）感情
1052,code,[名] ①（服装などの）規定 ②暗号
1053,agenda,[名] 議題，協議事項
1054,liberty,[名] 自由
1055,committee,[名] 委員会
1056,humanity,[名] ①（集合的に）人類 ②（the ―ies）人文科学 ③人間性
1057,mankind,[名] （集合的に）人類
1058,authority,[名] ①権威 ②権力 ③（―ies）当局
1059,justice,[名] 正義
1060,insurance,[名] 保険〈不可算〉
1061,hardship,[名] （主に経済的）苦難
1062,poverty,[名] 貧困〈不可算〉
1063,chaos,[名] 大混乱，混沌〈不可算〉
1064,isolation,[名] 孤立，分離，孤独感
1065,region,[名] 地域
1066,proof,[名] ①証拠，証明〈不可算〉 [形] ②（複合語で）～を防ぐ，～に耐える
1067,warranty,[名] 保証
1068,principle,[名] ①原理，原則 ②主義，信念
1069,origin,[名] 起源
1070,setting,[名] ①環境，状況 ②（小説，劇，機械などの）設定，舞台（①②ともに<可算>）
1071,mission,[名] ①任務，使命 ②使節団 ③（主にキリスト教の）布教（団）
1072,project,[名] ①計画，企画 [他] ②（予算など）を見積もる ③～を投影する
1073,monument,[名] 記念碑，遺跡，史跡
1074,revolution,[名] 革命
1075,contract,[名] ①契約 [他] ②～を契約する ③（病気）に感染する
1076,infrastructure,[名] インフラ、基本的施設
1077,negotiate,[自] ①（with ～）（～と）交渉する [他] ②（交渉の上で，条件など）を取り決める
1078,cooperate,[自] （with ～）（～と）協力する，（in ～）（～を）協力する
1079,restore,[他] ①（治安など）を回復する ②（古い建物，絵など）を修復する
1080,found,[他] ～を創立する
1081,conservative,[形] 保守的な
1082,affair,[名] ①（―s）情勢 ②（スキャンダラスな）事件 ③情事，浮気
1083,agency,[名] ①（政府）機関 ②代理店
1084,council,[名] 議会
1085,kingdom,[名] ①（the ～ kingdom）～界，社会 ②王国
1086,republic,[名] 共和国
1087,empire,[名] 帝国
1088,aid,[名] 援助，救援物資〈不可算〉
1089,reform,[名] 改革
1090,minister,[名] ①大臣 ②牧師
1091,parliament,[名] 議会
1092,territory,[名] ①領土 ②（動物などの）縄張り，（学問などの）領域
1093,poll,[名] ①（政治関連の）世論調査 ②投票 [他] ③（票）を得る
1094,fortune,[名] ①財産 ②運
1095,property,[名] ①（主に集合的）財産，資産 ②（物質の）特性 ③（建物を含む）所有地
1096,fund,[名] ①（―s）資金 ②基金 [他] ③～に資金を出す
1097,stock,[名] ①株（式)②在庫品，蓄え
1098,labor,[名] ①労働 ②（集合的に）労働者 ③努力，陣痛
1099,overwork,[自] ①働きすぎる [他] ②～を働かせすぎる，酷使する [名] ③過労
1100,firm,[名] ①会社 [形] ②（土台，信念などが）固い ③（体が）引き締まった
1101,union,[名] ①労働組合 ②合併 ③連邦
1102,administration,[名] ①経営，運営 ②行政 ③政権 （①②は〈不可算〉）
1103,secretary,[名] ①秘書 ②（米国の各省の）長官，事務局長
1104,editor,[名] （新聞，雑誌などの）編集長，（書籍の）編集者
1105,client,[名] ①依頼人 ②（サービス業の）取引先
1106,recruit,[他] ①（団体・組織が）～を新規採用する [名] ②新兵，新人
1107,basis,[名] ①基礎，根拠 ②（on a ～ basis）（～を）基準（として）
1108,element,[名] ①（最も重要な）要素，（化学の）元素 ②（the ―s）自然の力，悪天候 ③（an ― of ～）少しの～
1109,constitute,[他] ①（主語が複数）～を構成する ②（主語が単数）～である
1110,unify,[他] ～を統一する
1111,combine,[他] ①（A with B)（A）を（B と）結びつける，同時に行う [自] ②結びつく
1112,unite,[自] ①団結する [他] ②～を団結させる
1113,link,[名] ①関連、つながり [他] ②（A to B）（A）を（Bに）関連づける
1114,relevant,[形] 関連のある，重要な
1115,murder,[名] ①殺人 ②（形容詞的に）殺人の [他] ③（計画的に）～を殺す
1116,arrest,[他] ①～を逮捕する [名] ②逮捕，（医学用語）停止
1117,prison,[名] 刑務所
1118,vice,[名] ①（売春，麻薬などの）犯罪〈不可算〉 ②悪徳 [形] ③副～
1119,witness,[名] ①目撃者，証人 ②証言 [他] ③～を目撃する
1120,bullet,[名] 弾丸
1121,sword,[名] 剣
1122,wound,[名] ①傷 [他] ②～を傷つける
1123,triumph,[名] ①勝利 [自] ②勝利する
1124,military,[形] 軍事的な
1125,strategy,[名] 戦略
1126,conquer,[他] ①（国や地域）を征服する ②（病気や恐怖など）を克服する
1127,defend,[他] （A from B）（B からA）を守る
1128,dominate,[他] ～を支配する
1129,rob,[他] ①（銀行など）を襲う ②（A of B）（A）から（B を）奪う
1130,deprive,[他] （A of B)（A）から（B を）奪う
1131,devastate,[他] ①（町など）を壊滅させる ②（人）を打ちのめす
1132,crash,[自] ①激突する ②（飛行機が）墜落する [名] ③激突，墜落
1133,hazard,[名] 危険（になり得るもの）<可算>
1134,debris,[名] 破片，残骸
1135,orphan,[名] 孤児
1136,slave,[名] ①奴隷 ②（to ～）（比喩的に）（～の）奴隷
1137,acquaintance,[名] ①知人 ②面識，（ちょっとした）知識
1138,merchant,[名] 商人
1139,resident,[名] ①住人，居住者 ②滞在者 [形] ③住んでいる
1140,crew,[名] ①（集合的に）乗組員 ②（取材などの）チーム
1141,chase,[他] ①～を追いかける [名] ②追跡
1142,proceed,[自] ①（順を追って）進む ②（to do）（さらに続けて）～する
1143,fade,[自] （色，記憶などが）薄れる
1144,dissolve,[自] ①溶ける [他] ②～を溶かす ③（議会など）を解散する
1145,float,[自] ①浮かぶ [他] ②～を浮かべる
1146,sink,[自] ①沈む [他] ②～を沈める [名] ③（台所の）流し
1147,bounce,[自] ①（ボールなどが）跳ねる [他] ②（宛先不明で）～を返送する
1148,transform,[他] ①～を（大幅に）変える [自] ②（大幅に）変形する，変身する
1149,shift,[名] ①（考え方の）転換 ②（勤務の）交替
1150,modify,[他] ～を修正する
1151,revise,[他] （制度，予測，論文など）を修正する，改正する
1152,enhance,[他] ～を向上させる
1153,lower,[他] ～を下げる
1154,voyage,[名] 航海，船旅
1155,confirm,[他] ①～を確認する ②～を裏付ける
1156,ensure,[他] ～を確実にする
1157,address,[他] ①～に取り組む ②～に呼びかける [名] ③演説 ④住所
1158,approach,[名] ①（to ～）（～への）取り組み方，接近 [他] ②～に取り組む，接近する
1159,resolve,[他] ①～を解決する ②（to do）（～する）決心をする
1160,settle,[他] ①（紛争など）を解決する ②～を置く，据える [自] ③定住する ④（on ～）（～を）決める
1161,enrich,[他] ～を豊かにする
1162,warn,[他] ①～に警告する [自] ②（of[against]～）（～に対して）警告する
1163,force,[他] ①～に強いる [名] ②力，武力
1164,appeal,[自] ①（to ～）（～に）訴える [名] ②魅力，人気 ③（for ～）（～に対する）訴え
1165,applause,[名] 拍手〈不可算〉
1166,leap,[自] ①跳ぶ [名] ②躍進，急増
1167,grab,[他] ①（ぐいっと）～をつかむ ②（急いで食事，睡眠）をとる
1168,seize,[他] ①～をつかむ ②（麻薬など）を押収する，（犯人）を捕らえる
1169,cast,[他] ①～を投げる ②（光など）を投げかける ③～に役を与える
1170,stun,[他] ①～を気絶させる ②～をぼう然とさせる
1171,illuminate,[他] ①～を照らす ②（問題など）を解明する
1172,uncover,[他] ～を明らかにする，暴く
1173,mend,[他] ～を修繕する
1174,react,[自] （to ～）（～に）反応する
1175,endure,[他] （長期にわたり）～に耐える
1176,bind,[他] ～を結びつける，縛る
1177,encounter,[他] ①～に偶然出会う ②（問題，反対など）に遭う [名] ③出会い
1178,trace,[他] ①～を捜し出す ②～の追跡調査をする [名] ③（微妙な）跡
1179,undergo,[他] ～を経験する
1180,seal,[他] ①～を密封する [名] ②（personal ―）印鑑，ハンコ
1181,incorporate,[他] ～を取り入れる
1182,emerge,[自] ①（隠れていたものが）現れる ②（国家などが）台頭する
1183,unfold,[自] ①展開する，はっきりしてくる [他] ②～を広げる
1184,derive,[自] ①（from ～）（～に）由来する [他] ②～を引き出す，得る
1185,generate,[他] （電気，利益など）を生み出す
1186,possess,[他] ～を所有している
1187,retain,[他] ～を保持する
1188,secure,[他] ①（場所，地位，契約など）を確保する [形] ②安全で，守られて
1189,capture,[他] ①～を捕らえる [名] ②捕獲，（敵地の）攻略
1190,monitor,[他] ①～を監視する [名] ②（コンピュータの）画面
1191,investigate,[他] ①（研究班などが）～を調査する ②（警察が）～を捜査する
1192,detect,[他] ～を探知する，（病気など）を発見する，（うそなど）を見抜く
1193,inquiry,[名] ①（into ～）（～の）調査 ②質問，問い合わせ
1194,specialize,[自] （in ～)①〈英〉（～を）専攻する ②（～を）専門にする
1195,semester,[名] （米，日本などの２学期制の）学期
1196,biology,[名] 生物学
1197,ecology,[名] 生態（学）
1198,philosophy,[名] ①（学問としての）哲学〈不可算〉 ②人生哲学，考え方〈可算〉
1199,geography,[名] 地理（学）
1200,institution,[名] ①（大学，病院などの）機関 ②（結婚などの）制度
1201,faculty,[名] ①（生まれ持った）能力 ②（大学の）学部 ③（大学の）全教員
1202,intermediate,[形] ①（授業・教材が）中級の ②中間の
1203,notion,[名] 考え
1204,concept,[名] 概念，考え
1205,meditation,[名] ①瞑想 ②熟考
1206,insight,[名] ①（into ～）（～に対する）洞察（力)②見識
1207,caution,[名] ①用心 ②警告 [他] ③～に注意［警告］を与える
1208,will,[名] ①意志 ②遺書
1209,option,[名] 選択肢，選択（の自由）
1210,prospect,[名] 見通し
1211,cherish,[他] ～を大切にする，胸に抱く
1212,intend,[他] （to do）～するつもりだ
1213,suspect,[他] ①（that SV）～ではないかと思う ②～に嫌疑をかける [名] ③容疑者
1214,identify,[他] ①～を特定する，《生物》～を同定する ②（A with B）（A）を（B と）同一視する [自] ③（with ～）（～と）一体感をもつ，（～に）なりきる
1215,permit,[他] ①～を許可する [名] ②許可証
1216,acknowledge,[他] ～を認める
1217,perceive,[他] ①（A as B）（A）を（B だと）認識する ②～を知覚する
1218,evaluate,[他] ～を（正しく）評価する
1219,cultivate,[他] ①～を耕す ②～を育む ③～を磨く
1220,shade,[名] ①日陰，（絵画，写真の）陰の部分，ブラインド ②（ーs）（意味などの）わずかな違い
1221,breeze,[名] そよ風
1222,desert,[名] ①砂漠 [他] ②～を見捨てる
1223,fog,[名] 霧
1224,moisture,[名] 湿気，水分
1225,damp,[形] 湿った，じめじめした
1226,path,[名] （小）道
1227,trail,[名] ①山道 ②跡 ③（a ― of destruction）（破壊の）爪跡
1228,stream,[名] ①小川 ②（a ― of ～）（～の）流れ
1229,tide,[名] ①潮（の干満），潮流 ②時流
1230,reef,[名] （岩や砂の）礁
1231,habitat,[名] 生息地
1232,volcano,[名] 火山
1233,mine,[名] ①鉱山 ②地雷（＝landmine）
1234,swallow,[名] ①ツバメ [他] ②～を飲み込む
1235,web,[名] ①（クモの）巣 ②インターネット（www＝the World Wide Web）
1236,mosquito,[名] 蚊
1237,cattle,[名] ウシ
1238,kitten,[名] 子ネコ
1239,organism,[名] 生物
1240,wildlife,[名] 野生生物
1241,beast,[名] 野獣
1242,ape,[名] 類人猿
1243,flock,[名] ①（鳥，羊の）群れ [自] ②群れる
1244,vein,[名] 静脈
1245,breed,[自] ①繁殖する [他] ②～を繁殖させる ③～を引き起こす [名] ④品種，血統
1246,reproduce,[自] ①繁殖する [他] ②～を繁殖させる ③（音，絵など）を再現する
1247,talkative,[形] おしゃべりの
1248,earnest,[形] ①真面目な [名] ②（in ―）真面目（に）
1249,diligent,[形] 勤勉な
1250,principal,[形] ①主要な [名] ②〈米〉校長
1251,prime,[形] ①（目標，容疑者などが）最重要な [名] ②素数
1252,definite,[形] 明確な
1253,evident,[形] 明らかな
1254,prominent,[形] ①（物が）目立った ②（人が）著名な，重要な
1255,marked,[形] （名詞の前で）際立った，著しい
1256,grace,[名] ①優美さ ②（say ―）（食事の前後の）感謝の祈り（をささげる）
1257,charm,[名] ①魅力 ②（a good ― luck ―）お守り，まじない
1258,fancy,[形] ①高級な [他] ②〈英〉～が欲しい，～したい ③～と思う
1259,rational,[形] 理性的な
1260,magnificent,[形] 壮大な，素晴らしい
1261,superior,[形] ①（be ― to ～）（～）より優れている [名] ②上役，上司
1262,loyal,[形] （to ～）（～に）忠実な
1263,horrible,[形] （物，天気などが）とてもひどい，ぞっとする
1264,miserable,[形] 悲惨な，とても不幸な
1265,dull,[形] ①退屈な ②切れ味が悪い ③（人，感覚などが）鈍い
1266,nasty,[形] （人，物，発言などが）不快な
1267,insane,[形] 正気でない
1268,ridiculous,[形] ばかげた
1269,rotten,[形] 腐った
1270,notorious,[形] （for ～）（～で）悪名高い
1271,evil,[形] ①（道徳的に）悪い [名] ②悪
1272,mess,[名] ①乱雑 [自] ②（with ～）（～を）からかう，ちょっかいを出す
1273,vast,[形] ①（地域，土地が）広大な ②（数量が）莫大な
1274,huge,[形] 巨大な
1275,tiny,[形] とても小さな
1276,sphere,[名] ①球体 ②領域，範囲
1277,strip,[名] ①細長い一片 [他] ②（罰として）～から奪う [自] ③裸になる
1278,vessel,[名] ①（血液などを通す）管 ②（大型の）船
1279,internal,[形] ①内部の，体内の ②国内の
1280,mobile,[形] ①流動的な [名] ②携帯電話
1281,steep,[形] ①（坂などが）険しい ②（増減が）急な，（価格などが）異常に高い
1282,intense,[形] （感情，競争などが）強烈な
1283,inevitable,[形] 避けられない，必然的な
1284,neutral,[形] ①中立の [名] ②中立
1285,brief,[形] ①手短な，簡潔な [名] ②要約
1286,bare,[形] ①むき出しの ②最低限の
1287,mutual,[形] ①（感情，行為が）相互の ②（友だち，趣味などが）共通の
1288,potential,[形] ①潜在的な [名] ②潜在能力，可能性〈不可算〉
1289,tough,[形] ①たくましい，頑強な ②骨の折れる，厳しい
1290,conventional,[形] 従来の，慣習的な
1291,supreme,[形] 最高の
1292,resemble,[他] ～に似ている
1293,contrary,[名] ①（on the ―）それどころか [副] ②（― to A）（A とは）反対に [形] ③（（名詞)to the ―）それとは反対の～
1294,category,[名] 範疇
1295,scope,[名] 範囲
1296,given,[形] ①（時間，量などが）定められた [前] ②～を考慮すると
1297,peculiar,[形] ①（to ～）（～に）固有の ②独特な，変な
1298,sufficient,[形] 十分な
1299,numerous,[形] 多くの
1300,substantial,[形] ①かなりの，たくさんの ②内容のある，重要な
1301,unit,[名] 単位
1302,diameter,[名] 直径
1303,arithmetic,[名] 算術
1304,quantity,[名] 量
1305,deficiency,[名] 欠乏，不足
1306,maximum,[名] 最大限
1307,bunch,[名] (花や鍵などの)束，(ブドウなどの)房
1308,lessen,[他] ～を減らす
1309,era,[名] 時代
1310,session,[名] ①（活動の）期間 ②（議会などの）会期 ③（ある活動の）集まり
1311,pause,[名] ①休止 [自] ②休止する
1312,annual,[形] ①年に1度の ②1年間の（予算，収入など）
1313,eternal,[形] （命や若さなど）永遠の
1314,initial,[形] ①最初の [名] ②頭文字，イニシャル
1315,prior,[形] ①（to ～）～より前の ②（時間・順序が）前の
1316,subsequent,[形] （to ～）（～に）続いて起こる
1317,meanwhile,[副] ①その間 ②（対比を示して）その一方で
1318,routine,[名] ①決まりきった仕事 [形] ②日常の
1319,souvenir,[名] 土産，記念品
1320,brick,[名] ①れんが ②〈英〉（おもちゃの）積み木
1321,pole,[名] ①棒，さお，柱 ②（天体，地球の）極
1322,mischief,[名] いたずら〈不可算〉
1323,superstition,[名] 迷信
1324,storage,[名] 貯蔵，保管〈不可算〉
1325,shelter,[名] ①避難（所)②住居
1326,garment,[名] 衣類
1327,canal,[名] 運河
1328,cabinet,[名] ①戸棚 ②（the C―）内閣
1329,incident,[名] （主に不快な）出来事
1330,circumstance,[名] （通例 ―s）状況，事情
1331,fetch,[他] （主に〈英〉）～を取って来る
1332,distribute,[他] ①～を分配する，配る ②（be ―d）分布している
1333,purchase,[他] ①～を購入する [名] ②購入（品）
1334,statue,[名] 像
1335,sculpture,[名] 彫刻
1336,myth,[名] ①（俗説という意味での）神話 ②（古代の）神話
1337,craft,[名] ①工芸（品)②（職人の）技術 ③船，乗り物（単複同形）
1338,journal,[名] ①雑誌，専門誌 ②（公的な）日誌，日記
1339,encyclopedia,[名] 百科事典
1340,heaven,[名] ①天国 ②（the ―s）空
1341,funeral,[名] 葬式
1342,soul,[名] ①魂 ②（慣用句あるいは否定文で）人
1343,priest,[名] 神父，僧侶，牧師，聖職者
1344,faith,[名] ①（主に宗教上の）信仰 ②信頼
1345,sacred,[形] 神聖な
1346,divine,[形] 神の
1347,Muslim,[名] イスラム教徒
1348,context,[名] ①文脈 ②状況
1349,singular,[形] ①単数の ②（褒めて）比類なき ③奇妙な
1350,command,[名] ①言語を操る力 ②命令 [他] ③～を集める ④～を見渡せる
1351,instance,[名] 例
1352,dialogue,[名] ①（本，劇，映画の中の）会話 ②対談，対話
1353,usage,[名] 語法
1354,vowel,[名] 母音
1355,pronoun,[名] 代名詞
1356,accent,[名] ①訛 ②アクセント
1357,outline,[動] ～の要点を述べる，～の輪郭を描く
1358,remote,[形] ①（地理的に）辺鄙な ②（時間，関係などが）遠い
1359,ambition,[名] （強い）願望，野望
1360,temper,[名] ①気性 ②（熟語で）平静（な気分）
1361,affection,[名] 愛情
1362,enthusiasm,[名] 情熱，熱意
1363,rage,[名] ①激怒 [自] ②（戦争，病気が）激しく続く，猛威をふるう
1364,incredible,[形] 信じられない
1365,chuckle,[自] ①くすくす笑う [名] ②くすくす笑うこと
1366,dare,[他] ①（to do）思い切って～する [助] ②（do）思い切って～する
1367,scream,[自] ①悲鳴を上げる [名] ②悲鳴
1368,soothe,[他] ①（人）をなだめる ②（痛みなど）をやわらげる
1369,tempt,[他] ～を誘惑する
1370,scold,[他] ～を叱る
1371,oppress,[他] ～を圧迫する，虐げる
1372,threaten,[他] ①～を脅かす ②（to do）～すると脅す ③～の恐れがある
1373,mourn,[他] ～を嘆く，悼む
1374,sacrifice,[他] ①～を犠牲にする [名] ②犠牲
1375,curse,[名] ①災いの元 ②呪い [他] ③～を呪う，ののしる
1376,stem,[自] ①（from ～）（～が）原因である [名] ②茎，幹，ワイングラスの脚
1377,trigger,[他] ①～のきっかけになる，～を誘発する [名] ②（銃の）引き金
1378,consequence,[名] ①結果 ②（of ―)重要性
1379,process,[名] ①過程 [他] ②～を加工する，処理する
1380,resort,[自] ①（to ～）（～に）訴える [名] ②行楽地 ③手段
1381,formula,[名] ①方法 ②秘けつ ③（数学，化学などの）式，公式
1382,procedure,[名] 手続き，手順
1383,extraordinary,[形] ①並外れた ②臨時の（会議など)③特命の（大使など）
1384,absolute,[形] 絶対的な
1385,overwhelming,[形] 圧倒的な
1386,altogether,[副] ①完全に ②全部で
1387,entire,[形] すべての
1388,tremendous,[形] すさまじい
1389,sheer,[形] ①（数量やサイズを強調して）とてつもない～の ②まったくの
1390,partial,[形] ①部分的な ②不公平な ③（to ～）（～が）大好きで
1391,barely,[副] ①かろうじて ②ほとんど～ない
1392,approximately,[副] （数量が）おおよそ，約
1393,frequently,[副] 頻繁に
1394,apparently,[副] ①見たところでは ②<口語>どうやら～らしい
1395,merely,[副] ①（主に名詞の前で）～にすぎない ②（動詞などの前で）単に
1396,nevertheless,[副] それにもかかわらず
1397,somehow,[副] ①何らかの方法で ②何らかの理由で，どういうわけか
1398,thus,[副] ①それゆえ（に)②このように
1399,afterward(s),[副] ①（文頭で）その後 ②（～afterward）～の後
1400,on behalf of ～,[熟] ①～を代表して ②～のため
1401,assert,[他] ～と断定する，～を主張する
1402,defy,[他] ①～に逆らう ②～を拒む
1403,condemn,[他] ①～を非難する ②～に (刑の)宣告をする ③～を強いる
1404,cite,[他] ～を引き合いに出す，引用する
1405,illustrate,[他] ①(例で)～を説明する，例証する ②～に挿絵を入れる，～を図解する
1406,refute,[他] ～を論駁する，～に反論する
1407,sue,[他] ～を訴える
1408,articulate,[他] ①(考えなど)をはっきり述べる [形] ②考えを明確に表現できる
1409,version,[名] ①(個人的な)解釈，意見 ②(製品などの)～版
1410,advocate,[名] ①提唱者，支持者 [他] ②～を主張する，支持する
1411,breakthrough,[名] 飛躍的進歩，大発見
1412,evolution,[名] 進化
1413,innovation,[名] 革新
1414,probe,[名] ①探査機 [他] ②～を調査する
1415,fluid,[名] ①流体 [形] ②流動的な，なめらかな
1416,particle,[名] ①粒子 ②(not a ― of A)(Aの)かけら (もない)
1417,gravity,[名] ①重力 ②重大さ
1418,hypothesis,[名] 仮説
1419,specimen,[名] ①標本 ②サンプル
1420,microbe,[名] 微生物
1421,poison,[名] 毒
1422,acid,[形] ①酸性の ②辛辣な
1423,toxic,[形] 有害な，有毒な
1424,endeavor,[名] ①努力，試み [他] ②～を (懸命に)努力する，試みる
1425,doom,[他] (be ―ed to ～)～の運命にある
1426,manufacture,[他] ①～を製造する [名] ②製造，製品
1427,yield,[他] ①～を産出する [自] ②(to ～)(～に)屈する [名] ③産出量
1428,duplicate,[他] ①～を複製する [名] ②複製品 [形] ③複製の
1429,assemble,[他] ①～を組み立てる [自] ②集まる
1430,mold,[他] ①～を (型に入れて)作る ②(人格，意見など)を形成する
1431,coin,[他] ①～を作り出す [名] ②硬貨
1432,therapy,[名] 治療 (法)
1433,injection,[名] 注射
1434,dose,[名] (１回分の)服用量
1435,sanitation,[名] 衛生
1436,germ,[名] 細菌，ばい菌〈可算〉
1437,tumor,[名] 腫瘍〈可算〉
1438,stroke,[名] (脳)卒中，(強い)発作
1439,agony,[名] 苦痛
1440,plague,[名] ①(大規模な)疫病，伝染病，災害 [他] ②～を苦しめる
1441,fatigue,[名] (ひどい)疲労〈不可算〉
1442,diagnosis,[名] 診断
1443,mortality,[名] ①(― rate)死亡率 ②死すべき運命
1444,nursing,[名] 看護
1445,chronic,[形] 慢性の
1446,immune,[形] 免疫の (ある)
1447,terminal,[形] ①(病気が)末期の [名] ②終着 [始発] 駅 (の建物)，ターミナルビル
1448,sound,[形] ①(身体・精神が)健全な ②(土台・理解などが)堅実な
1449,respiratory,[形] 呼吸の
1450,choke,[自] ①(on ～)(～で)息が詰まる，窒息する [他] ②～を窒息させる
1451,paralyze,[他] ～を麻痺させる
1452,prescribe,[他] ①(薬など)を処方する ②(行為など)を指示する
1453,digest,[他] ①～を消化する ②～を理解する [名] ③要約
1454,weary,[形] ①(極度に)疲れている ②うんざり [飽き飽き] している
1455,nourish,[他] ①～に栄養を与える ②(考えなど)を抱く
1456,appalling,[形] ぞっとするような
1457,flesh,[名] (人､動物の皮､骨に対する)肉
1458,limb,[名] 手足 (の①本)
1459,erect,[形] ①直立した [他] ②～を建てる
1460,spinal,[形] 脊椎の
1461,suck,[他] ～を吸う
1462,shrug,[他] ①(肩)をすくめる [自] ②肩をすくめる
1463,compensate,[他] (A for B)(A)に (Bを)補償する
1464,abuse,[名] ①虐待 ②乱用 [他] ③～を悪用する
1465,bias,[名] 偏見
1466,prestige,[名] 名声，威信
1467,privilege,[名] 特権
1468,feat,[名] 偉業
1469,dignity,[名] 威厳
1470,virtue,[名] ①美徳 ②(人，物の個々の)長所 ③(by ― of ～)～のために
1471,aristocracy,[名] (通例 the～)貴族 (階級，社会)
1472,rebel,[名] ①反逆者 [自] ②(against ～)(～に)反逆する，反抗する
1473,scheme,[名] ①〈英〉計画 ②陰謀
1474,convention,[名] ①会議，大会 ②慣習 ③条約
1475,conference,[名] (on ～)(～に関する)会議
1476,consent,[名] ①合意 [自] ②(to ～)(～に)合意する
1477,initiative,[名] ①新構想，新計画 ②主導権
1478,province,[名] ①(カナダなどの)州，(中国の)省 ②(the ―s)地方
1479,colony,[名] ①植民地 ②(アリなどの)群落
1480,frontier,[名] ①辺境，(主に〈英〉)国境 ②(the ―s)最前線
1481,treaty,[名] 条約
1482,tribe,[名] 部族，種族
1483,pension,[名] 年金〈可算〉
1484,stake,[名] ①(have a ― in ～)(～に)利害関係 (を持つ)②(at ―)危険 ③(―s)賭け金，配当金
1485,coverage,[名] ①報道 ②(保険の)補償 (範囲)
1486,obligation,[名] ①(社会に対する)責務 ②(個人に対する)恩義
1487,hygiene,[名] 衛生 (状態)，衛生学
1488,supervisor,[名] (人・活動などの)監督者
1489,norm,[名] ①(the ―)普通のこと ②(―s)規範
1490,patent,[名] ①特許 (権)[他] ②～の特許をとる [形] ③明白な，見えすいた
1491,primitive,[形] 原始的な，未開の
1492,ethnic,[形] 民族の，民族的な
1493,anonymous,[形] 匿名の
1494,metropolitan,[形] 大都市の
1495,entitled,[形] ①(to ～)(～の)権利がある ②～と題された
1496,demographic,[形] ①人口統計上の [名] ②(―群の人々から成る)年齢層
1497,donate,[他] ①～を寄付する ②(臓器など)を提供する
1498,flourish,[自] 栄える
1499,conform,[自] (to ～)(～に)合わせる
1500,comply,[自] (with ～)(～に)従う， 遵守する
1501,legislation,[名] (集合的に)法律〈不可算〉
1502,testimony,[名] (法廷などでの)証言
1503,jury,[名] 陪審 (員団)
1504,legitimate,[形] ①正当な ②合法の
1505,enforce,[他] ①～を施行する ②～を強制する
1506,regime,[名] 政権，政治体制
1507,bureaucracy,[名] ①官僚制度，官僚主義 ②(集合的に)官僚
1508,corruption,[名] 腐敗，汚職
1509,tyranny,[名] ①圧政，専制政治 ②暴虐 (な行為)
1510,sanction,[名] ①(―s)制裁 ②(公的な)認可
1511,candidate,[名] (for ～)(～の)候補 (者)，(～になりそうな)人 [物]
1512,senator,[名] 〈米〉(しばしば S―)上院議員
1513,ambassador,[名] 大使
1514,diplomat,[名] 外交官
1515,refugee,[名] 難民
1516,ally,[名] ①同盟国，協力者 [自] ②(with ～)(～と)提携する
1517,reign,[名] ①(君主などの)統治 (期間)[自] ②君臨する
1518,federal,[形] 連邦の
1519,communist,[形] ①共産主義(者)の [名] ②共産主義者
1520,municipal,[形] 市(営)の，地方自治の
1521,estate,[名] ①(全)財産 ②地所
1522,asset,[名] 財産，資産
1523,revenue,[名] (国などの)歳入，(事業などの)収益
1524,deficit,[名] (会社，国の)赤字
1525,commerce,[名] 商業
1526,output,[名] ①生産高 ②(エンジン，発電機などの)出力
1527,subsidy,[名] 補助金
1528,transaction,[名] 取り引き
1529,bankrupt,[形] 倒産した，破産した
1530,monetary,[形] ①貨幣の ②金銭的な
1531,corporation,[名] 企業，法人
1532,enterprise,[名] ①企業 ②(冒険的な)事業
1533,venture,[名] ①(ベンチャー)事業 [自] ②危険を冒して行く
1534,headquarters,[名] 本社，本部
1535,personnel,[名] ①(官庁，会社などの)全職員〈複数扱い〉 ②人事
1536,entrepreneur,[名] 起業家
1537,predecessor,[名] 前任者，以前あったもの
1538,toil,[自] ①(長時間)骨折って働く [名] ②骨の折れる仕事
1539,undertake,[他] (仕事など)を引き受ける，始める
1540,merge,[自] ①合併する [他] ②～を合併させる
1541,comprise,[他] ①～から成る ②(割合)を占める
1542,component,[名] 構成要素，成分，(車などの)部品
1543,framework,[名] ①枠組 ②骨組み
1544,prototype,[名] ①(of [for] ～)(～の)原型 ②試作品 ③典型
1545,dimension,[名] ①(問題などの)側面，要因，次元 ②(―s)寸法，大きさ
1546,margin,[名] ①余白，欄外 ②(票などの)差 ③端
1547,excel,[自] (in [at] ～)( ～において)優れている
1548,contradict,[他] ①～と矛盾する ②～に反論する
1549,consensus,[名] (意見や証言などの)合意，総意
1550,converse,[名] ①正反対 [形] ②正反対の [自] ③(with ～)(～と)会話する
1551,inequality,[名] 不平等
1552,equivalent,[形] ①等しい [名] ②同等のもの
1553,compatible,[形] (with ～)(～と)適合する，互換性がある
1554,identical,[形] 同一の，うり二つの
1555,correspond,[自] ①(to [with] ～)(～と)一致する ②(with ～)(～と)(メールや手紙で)やりとりをする
1556,random,[形] 無作為の，でたらめの
1557,warrior,[名] 戦士
1558,assault,[名] 襲撃，暴行
1559,troop,[名] (―s)軍隊
1560,shield,[名] (against ～)(～に対する)盾、防御物
1561,torture,[名] ①拷問 ②辛いこと [他] ③～を拷問にかける
1562,dispute,[名] ①論争，紛争 [他] ②～に異議を唱える
1563,combat,[名] ①戦闘 [他] ②～と戦う
1564,tactics,[名] 戦術
1565,quarrel,[自] ①(with ～)(～と)口論する [名] ②口論
1566,contend,[自] ①（with ～）（～と）戦う [他] ②（that SV）（～と）（強く）主張する
1567,slaughter,[他] ～を虐殺する，（食肉用に）殺す
1568,suppress,[他] ①（反乱，暴動）を鎮圧する ②（笑い，怒り）を抑える
1569,surrender,[自] ①（to ～）（～に）降伏する [他] ②～を引き渡す
1570,hostile,[形] ①敵意のある ②敵の ③（環境などが）厳しい
1571,wreck,[名] ①（乗り物，家の）残骸 ②（健康を損ね）ボロボロの人
1572,toll,[名] ①犠牲[死者]者（数），被害 ②（高速道路などの）通行料 ③通話料
1573,disrupt,[他] （活動の進行など）をかき乱す
1574,interfere,[自] （with ～）（～を）邪魔する，干渉する
1575,confront,[他] ①（困難などが人）に立ちふさがる ②（人が困難など）に直面する，立ち向かう
1576,explode,[自] ①爆発する ②爆発的に増加する
1577,collide,[自] （with ～）（～と）衝突する
1578,nephew,[名] 甥
1579,infant,[名] （主に歩く前の）幼児
1580,spouse,[名] 配偶者
1581,heir,[名] 相続人，後継者
1582,folk,[名] ①人々 [形] ②民間（起源）の
1583,peer,[名] ①（―s）同等の人，同輩 [自] ②（よく見えなくて）じっと見る
1584,recipient,[名] 受け取る人，被移植者
1585,navigate,[自] ①（旅などで）進路を決める [他] ②～を克服して進む，～を航行する
1586,flee,[自] 逃亡する
1587,retreat,[自] ①退く [名] ②撤退，退却
1588,crawl,[自] 這って進む，（渋滞などで）這うように進む
1589,hover,[自] ①（鳥などが）空中にとどまる ②うろつく，さまよう
1590,drift,[自] 漂う
1591,alter,[他] ～を変える
1592,convert,[他] ①（A into B）（A）を（B に）転換する ②～を改宗させる
1593,overtake,[他] ～を追い越す
1594,dispatch,[他]（使者・軍隊など）を派遣する，（物資など）を送る
1595,shrink,[自] ①縮む ②（数量が）減る [他] ③～を縮ませる，減らす
1596,wither,[自] しおれる，しぼむ
1597,descend,[自] 降下する
1598,accelerate,[他] ～を加速する
1599,fluctuate,[自] （数値，物価が）変動する
1600,distort,[他] ～を歪める
1601,crack,[自] ①割れる，砕ける ②（パンと）音を出す [他] ③～を割る，砕く [名] ④割れ目
1602,transition,[名] 移り変わり，推移
1603,game-changer,[名] 革命的なこと[人・物]
1604,reinforce,[他] ～を補強する
1605,foster,[他] ①（才能など）を育成する ②～の里親になる [形] ③里親の
1606,breakdown,[名] ①崩壊 ②故障 ③衰弱
1607,collapse,[自] ①崩壊する，倒れる [名] ②崩壊，倒れること
1608,render,[他] ①（SVOC）（O）を（C）にする ②（援助など）を与える
1609,impair,[他] （人間の機能など）を低下させる，損なう
1610,undermine,[他] ～を弱める，揺るがす
1611,cope,[自] （with～）（～に）対処する
1612,tackle,[他] ～に取り組む
1613,demolish,[他]（建物など）を取り壊す
1614,confine,[他] ①～を閉じ込める ②（活動など）を制限する
1615,designate,[他] （通例，受け身で）～を指定する
1616,regulate,[他] ①（主に規則によって）～を規制する ②（機器など）を調整する
1617,refrain,[自] （from ～）（～を）控える
1618,prohibit,[他] ～を禁じる
1619,halt,[他] ①～を止める [自] ②止まる [名] ③停止
1620,constraint,[名] 制約
1621,stimulate,[他] ～を刺激する
1622,animate,[他] ①～を活気づける ②～をアニメ化する
1623,spur,[他] ①～を駆り立てる，促す [名] ②拍車，刺激，動機
1624,urge,[他] ①～をせき立てる，～に強く勧める [名] ②（何かがしたい）衝動
1625,compel,[他] （A to do）（A）に（～することを）強制する
1626,blur,[他] ①～をぼやかす [自] ②ぼやける
1627,divert,[他] ①（川など）の方向を変える ②（注意など）をそらす
1628,reverse,[他] ①～を逆転する，覆す [名] ②逆 [形] ③逆の
1629,overshadow,[他] ～の影を薄くさせる
1630,worsen,[他] ～を悪化させる
1631,jeopardize,[他]（生命，経歴，制度など）を危険にさらす
1632,supplement,[他] ①（栄養，収入など）を補う [名] ②補充，栄養補助食品 ③付録
1633,pose,[他] ～をもたらす
1634,induce,[他] ①～を引き起こす ②((人)to do)(人)に～するよう説得する
1635,betray,[他] ①～を裏切る ②～を漏らす，（うっかり）さらけ出す
1636,bully,[他] ①～をいじめる [名] ②いじめっ子
1637,disregard,[他] ～を無視する
1638,squeeze,[他] ①（果汁など）を搾る ②（手，指で）～を強く押す
1639,rub,[他] ①～をこする [自] ②(against ～)( ～に)こすりつける
1640,smash,[他] ～を粉砕する
1641,insert,[他] ①～を差し込む ②（語句など）を書き込む
1642,detach,[他] （A from B)（A）を（B から）切り離す
1643,withdraw,[他] ①～を引っ込める ②（預金など）を引き出す [自] ③退く
1644,compile,[他] ～をまとめる，(辞書などを)編纂する
1645,browse,[自] ①拾い読みする [他] ②～を拾い読みする
1646,manipulate,[他] ～を操作する
1647,implement,[他] ①(契約，計画など)を実行する [名] ②(単純な)道具
1648,execute,[他] ①～を遂行する，実行する ②～を処刑する
1649,host,[他] ①(大会など)を主催する [名] ②(a ― of)多くの ③(客を接待する)主人(*女性も含む)，主催者，開催地，≪生物≫宿主
1650,mount,[他] ①～を据え付ける ②(馬，自転車)に乗る [自] ③増加する
1651,discharge,[他] ①～を排出する ②(職務，任地などから)～を解放する
1652,drain,[他] ①～の水を抜く ②～の水分を切る [自] ③(液体が)流出する，乾く
1653,soak,[他] ①～を浸す ②(up)(日光，考えなど)を吸収する
1654,dip,[他] ①～を（ちょっと）つける，浸す ②～を少し下げる
1655,suspend,[他] ①～を吊るす ②～を中断する ③～を停職［停学］にする
1656,extract,[他] ①～を取り出す，抽出する [名] ②抽出したもの，抜粋
1657,slap,[他] ～を平手打ちする
1658,embrace,[他] ①～を抱擁する ②(思想など)を受け入れる
1659,embark,[自] (on ～)(～に)着手する，乗り込む
1660,intervene,[自] (in ～)( ～に)介入する
1661,penetrate,[他] ①～に入り込む ②～を貫通する [自] ③貫通する，入る
1662,intrude,[自] (on～)(～に)立ち入る
1663,utilize,[他] ～を利用する
1664,embed,[他] (in...)(...に)～を埋め込む
1665,allocate,[他] ～を割り当てる
1666,coordinate,[他] (活動など)をうまく調整する
1667,blink,[自] まばたきする
1668,spin,[自] ①ぐるぐる回る [他] ②～を回す ③～を紡ぐ
1669,rotate,[自] ①回転する [他] ②～を回転させる
1670,scramble,[自] 急いで動く
1671,vanish,[自] 消える
1672,snap,[自] ①ポキンと折れる [他] ②～をポキンと折る、～をパチンと鳴らす
1673,rattle,[自] ①ガタガタ鳴る [他] ②～を鳴らす [名] ③ガラガラ
1674,cease,[他] (to do [doing])～しなくなる
1675,haste,[名] 急ぐこと〈不可算〉
1676,conceal,[他] ～を隠す
1677,disguise,[他] ①～を(偽装して)隠す ②(oneself as ～)～に変装する [名] ③変装
1678,deceive,[他] ～をだます
1679,neglect,[他] ①～を怠る，放置する ②(子ども)の世話をしない [名] ③放置
1680,evacuate,[他] (しばしば受動態で)～を避難させる
1681,coincide,[自] ①(with ～)(～と)同時に起きる ②(with ～)(～と)一致する
1682,prevail,[自] ①(考え，習慣などが)普及している ②(最後に人，考えが)優勢となる
1683,sustain,[他] (生命など)を維持する，支える
1684,linger,[自] ①(いつまでも)残る ②(on)長居する
1685,revive,[自] ①生き返る，よみがえる [他] ②～を生き返らせる
1686,resume,[他] ①～を再開する [自] ②再開する [名] ③〈米〉履歴書 ④概要，レジュメ
1687,outbreak,[名] 発生，勃発
1688,inspect,[他] ～を検査する
1689,expedition,[名] ①(研究・探求・戦争目的の)探検，遠征 ②探検隊
1690,enroll,[自] ①(in ～)(～に)入学する [他] ②(be ―ed)在籍している
1691,discipline,[他] ①(体罰などで)～を躾ける [名] ②躾，規律 ③(学問)分野
1692,tuition,[名] ①〈米〉授業料 ②(少人数での)授業
1693,ethic,[名] ①(―s)(社会や職業上の)倫理(観)②(伝統的に守られた)倫理
1694,psychology,[名] ①心理学 ②心理
1695,astronomy,[名] 天文学
1696,archaeologist,[名] 考古学者
1697,thesis,[名] ①論文 ([複数形]theses) ②(正式な議論などの)テーマ
1698,dormitory,[名] 寮
1699,grasp,[他] ①～を理解する ②～をつかむ [名] ③理解，つかむこと
1700,anticipate,[他] ①～を予想する ②～を期待する
1701,foresee,[他] ～を予知する
1702,infer,[他] (A from B)(B からA)を推測する
1703,deduce,[他] (A from B)(B からA)を推定する
1704,deem,[他] (Ｏ (to be)Ｃ)ＯをＣだと思う
1705,ponder,[他] ～を熟考する
1706,assure,[他] ～に保証する，確信させる
1707,assess,[他] ～を評価する，査定する
1708,concede,[他] (譲歩して)～を認める
1709,compromise,[自] ①妥協する [他] ②(主義など)を曲げる [名] ③妥協
1710,comprehend,[他] ～を(十分に)理解している
1711,reconcile,[他] ①(A with B)(A)を(B と)調和させる，和解させる ②(oneself to ～)(～を)仕方なく受け入れる
1712,instill,[他] (思想など)を(徐々に)教える，～を植え付ける
1713,alert,[形] ①油断のない，用心深い [名] ②(公的な)警告
1714,cognitive,[形] 認知の
1715,intuition,[名] 直感
1716,vow,[名] ①誓い [他] ②～を誓う
1717,nightmare,[名] ①悪夢 ②悪夢のようなこと
1718,stereotype,[名] 固定観念
1719,illusion,[名] 幻想
1720,criterion,[名] 基準
1721,ideology,[名] イデオロギー，(政治・経済的)思想
1722,tolerate,[他] ～を大目に見る，我慢する
1723,overlook,[他] ①～を(うっかり)見落とす ②(人の欠点やミスなど)を見逃す，大目に見る ③(場所が)～を見渡す
1724,conceive,[他] ①～を思い浮かべる ②～を妊娠する [自] ③(of ～)(～を)想像する
1725,misunderstand,[他] (人，人の言うこと)を誤解している
1726,keen,[形] ①(頭脳，感性などが)鋭い ②(be ― on ～)(～に)熱中して，好きで
1727,subjective,[形] 主観的な
1728,compulsory,[形] ①義務的な ②規定の
1729,relieve,[他] ①～を取り除く ②～を安心させる
1730,trim,[他]①～を刈り込む，切り取る [形] ②こぎれいな
1731,disposal,[名] ①処分，廃棄 ②(at one's ―)～を自由にする
1732,scent,[名] ①(花，果物の良い)香り ②(動物が残したそれ自身の)臭い
1733,grain,[名] ①穀物 ②粒，少量
1734,wheat,[名] 小麦〈不可算〉
1735,deforestation,[名] 森林伐採
1736,drought,[名] 干ばつ
1737,irrigation,[名] 灌漑
1738,spectacle,[名] ①(きわめて印象的な)光景 ②(大がかりな)見せ物
1739,altitude,[名] 標高，高度
1740,catastrophe,[名] 大災害，災難
1741,wilderness,[名] 荒野，野原
1742,decay,[名] ①腐敗 [自] ②腐敗する，衰える
1743,erosion,[名] 侵食
1744,flame,[名] 炎
1745,galaxy,[名] 銀河
1746,chill,[名] ①寒気 [他] ②～を冷やす
1747,thermal,[形] 熱の
1748,fertile,[形] 肥沃な，肥えた
1749,fossil,[形] ①化石化した [名] ②化石
1750,exploit,[他] ①(自然の力など)を利用する ②～を搾取する
1751,contaminate,[他] ～を汚染する
1752,erupt,[自] (火山などが)噴火する
1753,roar,[自] ①ほえる [名] ②うなり声，怒号，轟音
1754,inhabit,[他] ～に生息している，ある
1755,nurture,[他] ①～を育てる [名] ②養育，教育
1756,owl,[名] フクロウ
1757,instinct,[名] 本能
1758,prey,[名] ①餌食 [自] ②(on ～)餌食にする
1759,anatomy,[名] ①解剖(学)②(解剖学的に見た動植物の)構造
1760,mammal,[名] 哺乳動物，哺乳類
1761,predator,[名] 捕食動物，捕食者
1762,hybrid,[名] 交配種，雑種，ハイブリッド
1763,skull,[名] 頭蓋骨〈可算〉
1764,timber,[名] (主に<英>)材木
1765,textile,[名] ①織物 [形] ②織物の
1766,fabric,[名] ①布地，織物 ②組織，構造
1767,mill,[名] 製造工場
1768,weave,[他] ①～を織る ②～を編む
1769,competent,[形] 有能な
1770,optimistic,[形] 楽観的な
1771,patriotic,[形] (人，言動などが)愛国的な
1772,noble,[形] ①高潔な ②貴族の [名] ③貴族〈可算〉
1773,naughty,[形] いたずらな
1774,arrogant,[形] 傲慢な
1775,vigorous,[形] ①(人，活動が)精力的な ②活発な
1776,humble,[形] ①控えめな ②卑しい，貧しい
1777,eligible,[形] 資格のある
1778,courtesy,[名] 礼儀正しさ
1779,resilient,[形] 回復の早い，回復力のある
1780,inclined,[形] ①(be ～ to do)～する傾向がある ②～したい気持ちだ
1781,haunt,[他] ①(亡霊，考えなどが)～につきまとう，出没する [名] ②好んで行く場所，たまり場
1782,intent,[形] ①(on ～)(～に)没頭した，決心した [名] ②意図
1783,indulge,[自] ①(in ～)(～に)ふける [他] ②～を思いのままにさせる
1784,flaw,[名] 傷，欠点
1785,defect,[名] 欠陥
1786,trait,[名] 特性
1787,analogy,[名] 類似点，類推，例え
1788,parallel,[名] ①類似(物)[形] ②(to ～)(～と)平行の，類似した
1789,indispensable,[形] 不可欠な
1790,crucial,[形] (極めて)重大な
1791,grave,[形] ①重大な [名] ②墓(穴)
1792,primary,[形] ①主な，第①の ②初期の，原始の
1793,vital,[形] 不可欠な，きわめて重要な
1794,integral,[形] ①不可欠な ②完全な
1795,profound,[形] 深い
1796,grim,[形] (状況などが)厳しい
1797,fierce,[形] ①(競争，嵐などが)激しい ②どう猛な
1798,harsh,[形] 厳しい
1799,acute,[形] ①深刻な ②(知能，知覚などが)鋭い ③急性の
1800,ambiguous,[形] 曖昧な
1801,misleading,[形] 誤解を招く，紛らわしい
1802,obscure,[形] ①ぼやけた，わかりにくい ②無名の
1803,mature,[形] ①成熟した，熟成した [自] ②成熟する，熟成する
1804,neat,[形] きちんとした
1805,decent,[形] まともな，きちんとした
1806,straightforward,[形] ①(方法などが)わかりやすい ②(人や行動が)率直な
1807,sophisticated,[形] ①(機械，システムが)高度な ②洗練された，教養のある
1808,elaborate,[形] ①手の込んだ，凝った [他] ②～を苦労して作り上げる [自] ③(on ～)(～を)詳しく話す
1809,prompt,[形] ①迅速な [他] ②～に促す
1810,swift,[形] 素早い
1811,mighty,[形] 強力な
1812,explicit,[形] (発言や文章などが)明確な
1813,authentic,[形] 本物の
1814,wit,[名] 機知，機知に富んだ人
1815,thrive,[自] ①(会社などが)好調である，繁栄する ②(動[植]物などが)健康に育つ
1816,dim,[形] ①薄暗い ②(記憶などが)ぼんやりした [他] ③～を暗くする
1817,gloomy,[形] ①薄暗い ②陰気な，悲観的な
1818,barren,[形] 不毛な
1819,idle,[形] ①(仕事がなく)何もしていない ②怠惰な [他] ③(away)(～を)何もしないでいる
1820,adverse,[形] (何かを行うのに)不都合な，悪い
1821,tiresome,[形] 退屈な，うんざりする
1822,clumsy,[形] 無器用な
1823,foul,[形] ①(味，臭いなどが)不快な [名] ②(スポーツなどの)違反，ファウル
1824,shabby,[形] みすぼらしい，おんぼろの
1825,outrageous,[形] 常軌を逸した，奇想天外な
1826,absurd,[形] ばかげた
1827,fragile,[形] 壊れやすい，もろい
1828,vulnerable,[形] ①傷つきやすい，弱い ②(非難，攻撃を)受けやすい，(病気に)かかりやすい
1829,static,[形] 静的な，(経済などで)変化のない，活気のない
1830,innate,[形] (才能などが)先天的な，生まれつきの
1831,exotic,[形] ①(動[植]物が)外来の ②異国情緒のある
1832,tame,[形] ①飼い慣らされた，従順な [他] ②～を飼い慣らす
1833,manifest,[形] ①明らかな [他] ②(姿勢，感情など)を明らかにする
1834,dense,[形] 密集した，(霧などが)濃い
1835,transparent,[形] 透明な
1836,consistent,[形] ①(with ～)矛盾のない，一致している ②安定した，不変の
1837,coherent,[形] 一貫している
1838,universal,[形] 普遍的な
1839,underlying,[形] 根底にある
1840,spontaneous,[形] 自然発生的な
1841,mock,[形] ①模擬の，見せかけの [他] ②(からかって)～をまねる ③～をあざける
1842,collective,[形] 集団の、共同の
1843,vertical,[形] 垂直の，縦の
1844,ongoing,[形] 進行中の，継続中の
1845,tender,[形] ①(肉などが)柔らかい ②(愛情があり)優しい ③(皮膚などが)弱い
1846,upright,[副] ①直立して [形] ②直立した
1847,ease,[名] ①簡単さ [他] ②(痛み，心配など)を和らげる，楽にする
1848,rust,[名] ①さび〈不可算〉 [自] ②さびる
1849,stain,[名] ①シミ，汚れ [他] ②～にシミをつける，～を汚す
1850,rag,[名] ぼろ切れ
1851,texture,[名] 感触、手触り
1852,preliminary,[形] ①予備的な，事前の ②予選の [名] ③予選
1853,mandatory,[形] 義務的な
1854,indigenous,[形] (動[植]物，民族が)固有の
1855,respective,[形] それぞれの
1856,multiply,[他] ①～を増やす ②(A by B)(A)に(B を)掛ける [自] ③増える
1857,soar,[自] ①(価格，温度が)急上昇する ②(鳥が)舞い上がる
1858,diminish,[自] 減少する
1859,accumulate,[他] ①～を蓄積する [自] ②蓄積する
1860,exceed,[他] ～を越える
1861,abundant,[形] 豊富な
1862,ample,[形] 豊富な
1863,gross,[形] ①総計の ②(食べ物，行動などが)ひどい
1864,infinite,[形] 無限の
1865,sole,[形] ①唯一の [名] ②足の裏，靴底
1866,heap,[名] ①(積み重ねられたものの)山 ②(a ― of ～)たくさんの～
1867,fraction,[名] ①少量 ②分数，端数
1868,simultaneous,[形] 同時の
1869,medieval,[形] 中世の
1870,dawn,[名] ①夜明け [自] ②夜が明ける ③(on ～)(～に)わかり始める
1871,span,[名] ①(継続した)期間 ②(集中力，注意力，機械の持続)期間
1872,adolescent,[名] ①思春期の若者 [形] ②思春期の
1873,millennium,[名] 1000年間
1874,expire,[自] 期限が切れる
1875,postpone,[他] ～を延期する
1876,periodically,[副] 定期的に，周期的に，時折
1877,array,[名] (an ― of ～)さまざまな，多彩な
1878,realm,[名] 領域，領土
1879,domain,[名] 領域
1880,boundary,[名] 境界(線)
1881,spectrum,[名] ①(思想・活動などの)範囲 ②(光の)スペクトル
1882,equip,[他] ①～を装備させる，備え付ける ②(人)に(知識や能力などを)身につけさせる
1883,transmit,[他] ①～を送る，伝える ②(病気など)をうつす
1884,endow,[他] ～を授ける
1885,inherit,[他] ～を受け継ぐ
1886,retrieve,[他] ①～を回収する，取り戻す ②(ファイルなど)を検索する
1887,displace,[他] ①～に取って代わる ②(戦争，災害などで)～を(故郷などから)追い出す
1888,bond,[名] ①きずな ②公債，社債 (①②ともに〈可算〉)
1889,hospitality,[名] もてなし，歓迎
1890,certificate,[名] 証明書，免許状，鑑定書
1891,brochure,[名] パンフレット
1892,outlet,[名] ①(電気の)コンセント ②(販売)店 ③(感情などの)はけ口
1893,accommodation,[名] (<米>―s)宿泊施設
1894,haven,[名] 避難所、保護区
1895,venue,[名] 開催地，会場
1896,intersection,[名] 交差点
1897,pavement,[名] (主に<英>)歩道
1898,pedestrian,[名] 歩行者
1899,excursion,[名] 小旅行，遠足
1900,shipping,[名] (商品の)発送
1901,thread,[名] ①糸 [他] ②～に糸を通す
1902,ornament,[名] (小さな)飾り，置物
1903,cosmetic,[名] ①(―s)化粧品 [形] ②美容の，化粧(用)の
1904,chamber,[名] ①部屋 ②(協会などの)会議所，議院
1905,commodity,[名] ①商品 ②有用なもの
1906,dwell,[自] ①住む ②(on ～)(～をくどくど)考える
1907,acoustic,[形] ①音響の ②(アンプを用いない)アコースティックの
1908,recipe,[名] ①レシピ，調理法 ②秘訣，原因
1909,intake,[名] 摂取(量)
1910,precede,[他] ～に先行する
1911,phase,[名] 段階，位相
1912,priority,[名] 優先(事項)
1913,premise,[名] ①前提 ②(―s)(建物を含めた)敷地
1914,tomb,[名] 墓，古墳
1915,legend,[名] ①伝説，言い伝え ②伝説的人物
1916,masterpiece,[名] 傑作
1917,ritual,[名] ①(宗教的)儀式 [形] ②儀式の
1918,worship,[名] ①崇拝，礼拝 [他] ②～を崇拝する [自] ③(神社などに)お参りする
1919,doctrine,[名] (宗教上などの)教義
1920,legacy,[名] 遺産〈可算〉
1921,sin,[名] (宗教上，道徳上の)罪
1922,swear,[自] ①誓う ②罵る
1923,confess,[自] ①（to ～）（～を）白状する [他] ②～を認める
1924,carve,[他] ～を彫る，刻む
1925,murmur,[自] つぶやく
1926,verbal,[形] 言葉による
1927,oral,[形] ①口述の ②口の
1928,eloquent,[形] 雄弁な
1929,linguistic,[形] 言語の，言語学の
1930,metaphor,[名] 隠喩，比喩
1931,prose,[名] 散文
1932,narrative,[名] 語り，物語
1933,plot,[名] ①（小説，演劇などの）筋 ②悪だくみ，陰謀
1934,draft,[名] ①下書き，草稿 [他] ②～を徴兵する [形] ③（― beer）生の（ビール）
1935,manuscript,[名] (手書きの)原稿，写本
1936,paradox,[名] 逆説
1937,slang,[名] （集合的に）俗語
1938,riddle,[名] なぞなぞ，謎〈可算〉
1939,exhibit,[他] ①～を展示する ②～を示す [名] ③展示物，展覧会
1940,portray,[他] ～を描く
1941,depict,[他] (主に文字や絵や彫刻などで)～を描く
1942,landmark,[名] ①目印，名所 ②画期的な出来事
1943,tease,[他] ～をからかう，冷やかす
1944,delight,[他] ①～を喜ばせる [名] ②（大）喜び
1945,astonish,[他] ～を（とても）驚かせる
1946,dread,[他] ①～を恐れる [名] ②恐怖
1947,attribute,[他] ①（A to B)（A）を（B）のせいだとする [名] ②特性，属性
1948,console,[他] ～を慰める
1949,arouse,[他] ～を呼び起こす
1950,distract,[他] ①（注意，意識など）をそらす ②～の気を紛らす
1951,startle,[他] ～を驚かせる
1952,thrill,[他] ①～をぞくぞく［わくわく］させる [名] ②スリル
1953,humiliate,[他] ～に恥をかかせる
1954,adore,[他] ～を熱愛している
1955,utter,[他] ①（叫び声など）を発する [形] ②まったくの
1956,exclaim,[自] （驚き，怒りなどで）叫ぶ
1957,shed,[他] ①（涙など）を流す ②（光）を当てる ③（不要なもの）～を取り除く ④（ヘビなどが）（皮）を脱ぐ，（木が葉っぱ）を落とす
1958,resent,[他] ～に憤慨する
1959,plead,[自] ①（with ～）（～に）懇願する [他] ②～を申し立てる
1960,yearn,[自] ①切望する [他] ②～を切望する
1961,long,[自] （for ～）（～を）切望する
1962,immerse,[他] (A in B)(BにA)を没頭させる
1963,bewilder,[他] （通例，受け身）～を当惑させる
1964,despise,[他] ～を軽蔑する
1965,willing,[形] （be ― to do）嫌がらずに～する
1966,furious,[形] 激怒した
1967,intimate,[形] ①親密な ②（知識などが）深い
1968,aesthetic,[形] ①美的な ②審美眼がある
1969,conscience,[名] 良心
1970,mercy,[名] ①慈悲，情け ②幸運
1971,compassion,[名] 同情，思いやり
1972,impulse,[名] 衝動
1973,aspiration,[名] 熱望
1974,grief,[名] （人の死などに対する）深い悲しみ
1975,contempt,[名] 軽蔑
1976,insult,[名] ①侮辱 [他] ②～を侮辱する
1977,nuisance,[名] 迷惑（になるもの）
1978,surge,[名] ①(感情などの)高まり ②(数字など)急増
1979,incentive,[名] 励み
1980,outcome,[名] 結果
1981,factor,[名] 要因
1982,liable,[形] ①（to do）～しがちだ ②（to ～）（病気などに）かかりやすい ③（for ～）（～に対して）（法的に）責任がある
1983,thorough,[形] 完全な，徹底的な
1984,adequate,[形] 十分な，適切な
1985,overall,[形] ①全体的な，全面的な [副] ②全体的に，全面的に
1986,ultimate,[形] 究極の，最終の
1987,genuine,[形] ①（感情が）心からの ②（絵画などが）本物の
1988,slight,[形] わずかな
1989,radical,[形] ①根本的な，抜本的な ②過激な
1990,trivial,[形] ささいな
1991,potent,[形] 強力な
1992,likewise,[副] 同様に，同じように
1993,virtually,[副] 事実上，ほとんど
1994,abruptly,[副] 不意に，突然
1995,deliberately,[副] ①故意に ②慎重に
1996,exclusively,[副] もっぱら，～専用で
1997,hence,[副] だから，それゆえに
1998,namely,[副] すなわち
1999,allegedly,[副] (本当かどうかはわからないが)伝えられるところによると
2000,whereas,[接] ～だが一方
2001,roam,[自] 歩き回る
2002,stroll,[自] 散策する
2003,circulate,[自] ①循環する [他] ②～を循環させる
2004,wane,[自] （力・程度・色などが）衰える，（月が）欠ける
2005,deteriorate,[自] 悪化する
2006,plunge,[自] ①（into ～）（～に）突っ込む [他] ②（A into B）（A）を（B に）突っ込む
2007,backfire,[自] 裏目に出る
2008,cram,[自] ①詰め込み勉強をする [他] ②～を詰め込む
2009,speculate,[自] ①推測する ②（株・土地などに）投機をする
2010,evaporate,[自] 蒸発する
2011,vomit,[自] ①吐く [他] ②～を吐く
2012,frown,[自] （at ～）（～に）眉をひそめる，（on ～）（～に）難色を示す
2013,hatch,[自] ①（卵から）かえる，孵化する [他] ②（卵から）～をかえす ③（計画など）を企てる
2014,cling,[自] （to ～）（～に）固執する，しがみつく
2015,adhere,[自] （to ～）（規則，主義，法律などに）忠実に従う
2016,collaborate,[自] （to do）共同して働く
2017,lag,[自] （behind ～）（～に）遅れる
2018,cater,[自] ①料理を提供する ②（to ～）（～の要望などに）応える
2019,flush,[自] （ほおなどが）紅潮する [他] ②～を水で流す
2020,ascribe,[他] （A to B）（A）の原因は（B にある）と主張する
2021,endorse,[他] （計画，候補者など）を支持する
2022,disclose,[他] ～を公表する，暴く
2023,improvise,[他] ～を即興で作る［歌う，演奏する］
2024,transplant,[他] ①（花や木，器官など）を移植する [名] ②移植
2025,encompass,[他] ～を含む
2026,forge,[他] ①（関係など）を築く ②～を偽造する
2027,entangle,[他] （be［get］ ―ed in［with］ ～)～に絡まる
2028,entail,[他] （必然的に）～を伴う
2029,herald,[他] ～の先触れをする
2030,surpass,[他] ～を上回る
2031,transcend,[他] （経験・理解などの限界）を超える
2032,flatter,[他] ～にお世辞を言う
2033,enact,[他] （法律など）を制定する
2034,amend,[他] （憲法・法律など）を修正する
2035,kidnap,[他] ～を誘拐する
2036,smuggle,[他] ～を密輸する
2037,convict,[他] ①～に有罪判決を下す [名] ②有罪判決を受けた者
2038,hinder,[他] ～を妨げる
2039,inflict,[他] （A on B）（BにA（痛み，打撃など））を与える
2040,alleviate,[他] （苦痛・困難など）を軽減する
2041,eradicate,[他] ～を根絶する
2042,expel,[他] ～を追放する，～を退学処分にする
2043,omit,[他] ～を省く
2044,discard,[他] （不用品）を捨てる
2045,curb,[他] ①～を抑制する [名] ②縁石
2046,restrain,[他] ～を抑制する
2047,inhibit,[他] ～を抑制する
2048,hamper,[他] （しばしば受身形で）を妨げる，邪魔をする
2049,lure,[他] ①～を誘い込む [名] ②魅力，誘惑
2050,reassure,[他] ～を安心させる
2051,dictate,[他] ①～を書き取らせる ②～を命令する，規定する
2052,provoke,[他] ①（非難など）を引き起こす ②（意図的に）～を怒らせる
2053,refine,[他] ～を洗練させる
2054,enlighten,[他] ～を啓蒙する
2055,unleash,[他] （怒りなど）を爆発させる，～の束縛を解く
2056,prolong,[他] （時間・期間・感情など）を長引かせる
2057,mitigate,[他] （苦痛・影響・罰など）～を緩和する
2058,grind,[他] （穀物，肉など）を挽く
2059,withstand,[他] ～に耐える
2060,exert,[他] （力，影響力など）を働かせる
2061,summon,[他] ①～を呼ぶ，召喚する，喚問する ②（勇気など）を奮い立たせる
2062,thrust,[他] ①～を強く押しつける ②（刃物で）～を突き刺す
2063,pierce,[他] ～を突き刺す，～を突き通す
2064,harness,[他] （自然の力など）を利用する
2065,excavate,[他] ～を発掘する
2066,evade,[他] ～を逃れる
2067,embody,[他] ～を具体化する
2068,assimilate,[他] ①（食物，考えなど）を吸収する ②（言語，民族など）を同化する
2069,discern,[他] ～を見分ける
2070,scrutinize,[他] ～を詳細に調べる，精査する
2071,streamline,[他] （作業・組織など）～を合理化する
2072,mentor,[他] ①～を指導する [名] ②（会社，大学などでの）指導者
2073,contemplate,[他] ～を熟考する
2074,conjecture,[他] ～を推測する
2075,presume,[他] ①（人が主語）～と推定する ②（計画などが主語）～を前提とする
2076,gauge,[他] ～を（慎重に）判断する，評価する
2077,verify,[他] （事実かどうか）を確かめる，検証する
2078,pledge,[他] ～を誓う
2079,dismay,[他] ①～を狼狽させる[名] ②狼狽
2080,lament,[他] ～を深く悲しむ，嘆く
2081,perplex,[他] ～を困惑させる
2082,disgust,[他] ①～に嫌悪を抱かせる[名] ②嫌悪
2083,evoke,[他] ～を呼び起こす
2084,harbor,[他] ①（悪意・疑いなど）を心に抱く ②（菌など）を住まわせる
2085,friction,[名] 摩擦
2086,mutation,[名] 突然変異
2087,heredity,[名] 遺伝
2088,synthesis,[名] 合成，統合
2089,veterinarian,[名] 獣医
2090,epidemic,[名] （大）流行
2091,obesity,[名] （病的な）肥満
2092,neuron,[名] ニューロン，神経単位
2093,dementia,[名] 認知症
2094,diabetes,[名] 糖尿病
2095,placebo,[名] 偽薬，プラシーボ
2096,malnutrition,[名] 栄養失調
2097,dehydration,[名] 脱水（症状）
2098,abortion,[名] （妊娠）中絶（手術）
2099,antibiotic,[名] （通例 ―s）抗生物質
2100,psychiatry,[名] 精神科，精神医学
2101,cardiologist,[名] 心臓専門医
2102,kidney,[名] 腎臓
2103,posture,[名] 姿勢
2104,metabolism,[名] （新陳）代謝，代謝作用
2105,famine,[名] 飢饉
2106,riot,[名] 暴動〈可算〉
2107,asylum,[名] 亡命
2108,workforce,[名] 労働人口，総労働力
2109,prefecture,[名] 県，府
2110,hierarchy,[名] 階層構造
2111,autonomy,[名] 自治（権），自主性
2112,delegation,[名] 代表団，使節団
2113,congress,[名] （米国などの）議会，会議
2114,census,[名] 国勢［公的］調査
2115,monarch,[名] 君主
2116,monopoly,[名] 独占（権，品），独占企業
2117,surplus,[名] ①余剰 ②（会計・財政）余剰金，黒字
2118,expertise,[名] 専門的知識，専門的技術〈不可算〉
2119,quota,[名] ノルマ，割り当て
2120,subordinate,[名] ①部下 [形] ②下位の
2121,warehouse,[名] 倉庫，〈英〉問屋
2122,peasant,[名] （個々の）小作農
2123,correlation,[名] 相関（関係）
2124,asymmetry,[名] 非対称，不釣り合い
2125,disparity,[名] 相違，不均衡
2126,divergence,[名] 逸脱，相違，《数学》発散
2127,clash,[名] ①衝突，対立 [自] ②（with ～）衝突する
2128,persecution,[名] 迫害
2129,genocide,[名] 大量虐殺
2130,atrocity,[名] 残虐行為
2131,bribe,[名] 賄賂
2132,culprit,[名] ①（具体的な犯罪の）犯人 ②（何かの問題の）元凶
2133,hostage,[名] 人質
2134,conspiracy,[名] 陰謀
2135,peril,[名] （大きな）危機
2136,pitfall,[名] （通例 ―s）落とし穴，隠れた危険
2137,itinerary,[名] 旅程（表）
2138,upheaval,[名] 大変動
2139,commencement,[名] ①開始 ②〈米〉（高校・大学の）卒業式，学位授与式
2140,threshold,[名] （新しいものの）始まり
2141,onset,[名] （通例良くないことの）始まり
2142,momentum,[名] 勢い，はずみ
2143,deterrent,[名] 抑止するもの
2144,geometry,[名] 幾何学
2145,anthropologist,[名] （文化）人類学者
2146,internship,[名] 実務研修，医学研修
2147,paradigm,[名] 理論的枠組，パラダイム
2148,altruism,[名] 利他主義
2149,claustrophobia,[名] 閉所恐怖症
2150,Antarctic,[名] （the ―）南極（地方）
2151,latitude,[名] 緯度（省略形 lat.）
2152,odor,[名] （不快な）臭い
2153,meadow,[名] 草地，牧草地
2154,calamity,[名] （大きな）災害
2155,precipitation,[名] 降水（量），〈化学〉沈殿
2156,meteor,[名] 流星，隕石
2157,asteroid,[名] 小惑星
2158,eclipse,[名] （日食，月食などの）食
2159,glacier,[名] 氷河
2160,peninsula,[名] 半島
2161,hemisphere,[名] 半球
2162,lump,[名] ①かたまり，しこり [他] ②（together）～をひとかたまりにする
2163,cluster,[名] （同種の）集団，（植物の）房
2164,offspring,[名] （集合的に）（人間・動物の）子，子孫
2165,livestock,[名] 家畜〈不可算〉
2166,carnivore,[名] 肉食動物〈可算〉
2167,vertebrate,[名] ①脊椎動物 [形] ②脊椎動物の
2168,primate,[名] 霊長類
2169,parasite,[名] 寄生虫［動物，植物］
2170,cortex,[名] 皮質
2171,sibling,[名] 兄弟姉妹
2172,extrovert,[名] 外交的な人
2173,stigma,[名] 汚名
2174,plight,[名] 窮状，苦境
2175,turmoil,[名] 混乱
2176,fallacy,[名] 誤びゅう
2177,loophole,[名] 抜け穴
2178,congestion,[名] 混雑，充血
2179,vacuum,[名] ①真空（状態），（政治などの）空白 [他] ②～に掃除機をかける
2180,digit,[名] 桁
2181,bulk,[名] （the ― of ～）（～の）大半
2182,longevity,[名] 長寿，（在職期間などが）長いこと
2183,detour,[名] 回り道
2184,sewage,[名] 下水，（下水の）汚物，汚水
2185,landfill,[名] 埋め立て〈不可算〉，埋め立て地〈可算〉
2186,appliance,[名] （家庭用）器具
2187,cuisine,[名] （独特の）料理（法）
2188,beverage,[名] （通例 ―s）飲料
2189,staple,[名] ①必需食料品，主要作物 [形] ②主要な
2190,scenario,[名] （予想される）筋書き，事態，科学的モデル
2191,autograph,[名] （有名人などの）サイン
2192,archive,[名] ①（―s）（集合的に）記録文書，公文書 ②公文書保管庫
2193,rhetoric,[名] ①美辞麗句，修辞（法)[形] ②修辞的な
2194,connotation,[名] 言外の意味，含意
2195,anecdote,[名] 逸話，秘話
2196,lord,[名] ①（通例 the Lord）神 ②高位の貴族，支配者
2197,saint,[名] ①聖人 ②（S―）（人名の前で）聖...
2198,prophet,[名] 預言者，予言者
2199,pilgrim,[名] 巡礼者
2200,salvation,[名] 救済
2201,artifact,[名] （考古学的価値のある）人工遺物，出土品（〈英〉artefact）
2202,token,[名] ①（as a ― of）（～の）しるし（として)②（バスなどで使われる）代用硬貨，トークン ③〈英〉商品引換券
2203,cue,[名] 合図、キュー
2204,quest,[名] 探求
2205,melancholy,[名] 憂うつ，ふさぎ込み
2206,self-esteem,[名] 自尊心
2207,empathy,[名] 共感（能力），感情移入
2208,precaution,[名] 用心，予防策
2209,distress,[名] ①苦しみ，苦難 [他] ②～を苦しめる
2210,apprehension,[名] ①不安 ②逮捕
2211,scorn,[名] 軽蔑
2212,menace,[名] （to ～）（～にとっての）厄介なもの［人］，脅威
2213,sentiment,[名] 感情
2214,verge,[名] ①瀬戸際，寸前 ②道路べり，（場所の）縁
2215,plausible,[形] （説明，言い訳などが）もっともらしい
2216,holistic,[形] 全体（論）的な
2217,contagious,[形] 感染（性）の
2218,vocal,[形] ①発声の ②（about ～）（～について）遠慮なく意見を述べる
2219,sensory,[形] 感覚の
2220,numb,[形] （寒さや麻酔などで）麻痺している，感覚を失った
2221,physiological,[形] 生理的な
2222,bilateral,[形] 二国間の，双方の
2223,feudal,[形] （主に欧州の）封建制の
2224,imperial,[形] 帝国の
2225,complementary,[形] 相補的な
2226,pertinent,[形] ①（直接）関連のある ②適切な
2227,intrinsic,[形] 固有の，本来備わっている
2228,unprecedented,[形] 前例のない，空前の
2229,tentative,[形] 仮の，試験的な
2230,drastic,[形] 抜本的な，思い切った
2231,ubiquitous,[形] 偏在している，至る所にある
2232,pervasive,[形] 広く行き渡った
2233,exponential,[形] （増加が）指数関数的な，急激な
2234,perpetual,[形] 絶え間ない，永続する
2235,future-oriented,[形] 未来志向の
2236,intact,[形] 無傷の
2237,maternal,[形] 母の，母親らしい
2238,masculine,[形] 男性的な
2239,juvenile,[形] 青少年の
2240,intelligible,[形] 理解できる
2241,dairy,[形] 酪農（業）の
2242,stray,[形] （動物などが）家のない，道に迷った
2243,dormant,[形] （火山などが）休止状態の，眠っている
2244,comprehensive,[形] 包括的な
2245,edible,[形] 食用の
2246,perishable,[形] （食べ物などが）腐りやすい
2247,naive,[形] 世間知らずの，愚直な
2248,zealous,[形] 熱心な
2249,timid,[形] 臆病な
2250,delinquent,[形] 非行の
2251,sober,[形] ①（酒に）酔っていない ②（人，習慣などが）真面目な
2252,obstinate,[形] 頑固な，強情な
2253,solitary,[形] ①（人が）孤高の ②ただひとつの
2254,vulgar,[形] ①（人，行動が）品がない ②（冗談などが）卑わいな
2255,skeptical,[形] 懐疑的な
2256,accustomed,[形] （to ～）（～に）慣れている
2257,obsessed,[形] （with［by］ ～）（～に）取りつかれて，頭が一杯で
2258,preoccupied,[形] （with ～）（～に）夢中になった，（～で）頭がいっぱいで
2259,prone,[形] （be ― to do）（好ましくないことを）～しがちである
2260,apt,[形] （be ― to do）（本来的に）～する傾向がある
2261,empirical,[形] 経験［実験］による
2262,susceptible,[形] （to ～）（～の）影響を受けやすい
2263,pivotal,[形] 極めて重要な
2264,fabulous,[形] ①とても素敵な ②莫大な
2265,splendid,[形] 素晴らしい
2266,intriguing,[形] 興味深い
2267,ingenious,[形] 独創的な
2268,affluent,[形] 裕福な
2269,renowned,[形] 有名な
2270,eminent,[形] 著名な，地位が高い
2271,conspicuous,[形] 目立つ
2272,adept,[形] （at ～）（～に）熟練した
2273,proficient,[形] 熟達した
2274,immense,[形] 莫大な，膨大な
2275,unanimous,[形] 満場一致の
2276,reckless,[形] 無謀な
2277,futile,[形] 無駄な
2278,brutal,[形] 残忍な
2279,ominous,[形] 不吉な
2280,detrimental,[形] （to ～）（～に）有害な
2281,wicked,[形] 邪悪な
2282,cynical,[形] 冷笑的な
2283,savage,[形] （とても）容赦ない，どう猛な
2284,arbitrary,[形] 独断的な，勝手な
2285,monotonous,[形] 単調な
2286,crude,[形] ①粗末な，粗野な ②加工されていない
2287,extravagant,[形] 法外な，金遣いが荒い
2288,obsolete,[形] 廃れた
2289,devoid,[形] （of ～）（～を完全に）欠いている
2290,scarce,[形] 乏しい
2291,solemn,[形] ①（場所，祝祭が）厳粛な，（音楽が）荘厳な ②（態度が）真面目な
2292,rigid,[形] ①硬い ②（規則・行為・人などが）厳格な
2293,robust,[形] がっしりした，（経済が）活発な
2294,tangible,[形] 触れられる，明確な
2295,superficial,[形] 表面的な
2296,spatial,[形] 空間の
2297,hollow,[形] ①空洞の ②（物の表面が）くぼんだ ③うわべだけの
2298,homogeneous,[形] 均質の，同種の
2299,feasible,[形] （計画・方法などが）実現［実行］可能な
2300,viable,[形] （計画などが）実行可能な
